Date,Price
2025-11-19 22:01:24.374,2988.206786726496
2025-11-19 23:01:41.893,2980.6420780192166
2025-11-20 00:03:57.699,3020.935787720369
2025-11-20 01:01:33.673,3019.3641530892837
2025-11-20 02:01:36.108,3038.3222314420514
2025-11-20 03:01:05.927,3042.61445082786
2025-11-20 04:01:50.853,3037.6765799807463
2025-11-20 05:01:42.713,3038.257293045771
2025-11-20 06:02:21.874,3033.720628802291
2025-11-20 07:01:06.422,3010.0406839168786
2025-11-20 08:01:11.777,3036.606112107908
2025-11-20 09:00:36.588,3030.265991212814
2025-11-20 10:01:37.808,3008.5754290754467
2025-11-20 11:02:13.122,3010.219395843009
2025-11-20 12:01:57.093,3021.0105669271293
2025-11-20 13:02:49.258,3025.9613635675423
2025-11-20 14:04:56.065,2997.148015487145
2025-11-20 15:01:07.671,2999.7437023743555
2025-11-20 16:02:09.368,2971.3585516185367
2025-11-20 17:02:30.525,2850.517577354722
2025-11-20 18:06:33.019,2821.4364545801886
2025-11-20 19:00:53.200,2812.1348223619857
2025-11-20 20:01:49.634,2842.430806773909
2025-11-20 21:01:46.673,2834.27651021503
2025-11-20 22:02:38.475,2884.5335983051395
2025-11-20 23:07:50.545,2877.728839269373
2025-11-21 00:01:34.276,2832.068358334293
2025-11-21 01:02:03.585,2861.406794552637
2025-11-21 02:01:23.362,2858.4286212959005
2025-11-21 03:02:05.565,2785.570588649896
2025-11-21 04:01:11.026,2808.524457298072
2025-11-21 05:02:58.340,2816.75091471108
2025-11-21 06:03:13.627,2807.930770857841
2025-11-21 07:01:56.387,2791.655984928427
2025-11-21 08:02:01.118,2711.6021180054527
2025-11-21 09:01:29.788,2734.9274286309533
2025-11-21 10:00:19.249,2680.4846080049047
2025-11-21 11:00:00.140,2697.639533510155
2025-11-21 12:00:57.694,2684.937495394968
2025-11-21 13:00:29.312,2731.0606545130863
2025-11-21 14:03:29.313,2736.2842938630233
2025-11-21 15:03:59.475,2754.1412910168647
2025-11-21 16:01:09.675,2700.916542901162
2025-11-21 17:01:25.377,2757.5354019780398
2025-11-21 18:01:19.216,2785.5067679446443
2025-11-21 19:01:03.935,2780.3610888384483
2025-11-21 20:01:38.441,2741.89983020972
2025-11-21 21:03:49.851,2740.8265675370885
2025-11-21 22:01:02.728,2764.939901133831
2025-11-21 23:02:33.371,2720.484925997626
2025-11-22 00:08:50.812,2769.1247764991845
2025-11-22 01:01:47.918,2760.808474640882
2025-11-22 02:01:08.034,2773.921706553721
2025-11-22 03:01:24.009,2750.342090561589
2025-11-22 04:02:43.090,2751.132002794273
2025-11-22 05:01:25.331,2745.0147099387555
2025-11-22 06:01:45.157,2739.7343585472304
2025-11-22 07:02:00.308,2761.1451401955746
2025-11-22 08:01:34.315,2755.8533687955937
2025-11-22 09:02:25.362,2730.6568608138673
2025-11-22 10:02:55.070,2724.9983191277374
2025-11-22 11:02:40.123,2707.433083850003
2025-11-22 12:06:18.004,2735.6885985835634
2025-11-22 13:02:59.589,2718.189231888626
2025-11-22 14:02:07.262,2721.0359150066306
2025-11-22 15:07:03.825,2745.137969763756
2025-11-22 16:01:57.846,2731.163503709042
2025-11-22 17:02:47.278,2752.1995542436493
2025-11-22 18:02:18.740,2747.438975639772
2025-11-22 19:02:05.454,2749.644252886619
2025-11-22 20:01:10.311,2750.022875456
2025-11-22 21:03:16.484,2739.2748422542177
2025-11-22 22:02:25.843,2746.6743983110805
2025-11-22 23:01:39.931,2788.48006356448
2025-11-23 00:06:41.553,2768.1536567521325
2025-11-23 01:01:54.514,2769.896974700169
2025-11-23 02:01:20.376,2805.9795718198548
2025-11-23 03:01:50.832,2821.095990764593
2025-11-23 04:03:31.259,2824.7153155455976
2025-11-23 05:01:40.091,2826.1810286320797
2025-11-23 06:01:56.714,2821.891492960178
2025-11-23 07:01:16.905,2807.878333483976
2025-11-23 08:01:47.012,2789.27248646839
2025-11-23 09:01:04.136,2810.506117880726
2025-11-23 10:03:05.944,2814.1131319840547
2025-11-23 11:00:39.807,2808.145931424207
2025-11-23 12:01:37.576,2813.595367426639
2025-11-23 13:01:05.823,2833.2025306216055
2025-11-23 14:02:30.217,2844.3348984454524
2025-11-23 15:01:01.139,2813.9352911580036
2025-11-23 16:06:51.020,2838.2656924791477
2025-11-23 17:01:49.725,2820.221980405566
2025-11-23 18:07:35.156,2798.9263777934857
2025-11-23 19:01:23.885,2804.660711567495
2025-11-23 20:03:15.765,2821.3633941616995
2025-11-23 21:06:16.714,2826.0712724414907
2025-11-23 22:01:44.264,2838.540838173405
2025-11-23 23:01:09.232,2833.3733643412866
2025-11-24 00:02:15.835,2799.8149340924633
2025-11-24 01:01:58.566,2795.561666997617
2025-11-24 02:01:16.775,2804.2821223447877
2025-11-24 03:06:33.881,2840.467359297817
2025-11-24 04:00:29.740,2853.6275655469994
2025-11-24 05:02:16.020,2823.628480128831
2025-11-24 06:02:27.553,2864.5832080861683
2025-11-24 07:02:25.689,2835.2522090401076
2025-11-24 08:01:58.494,2833.0004377729397
2025-11-24 09:01:41.182,2829.7510220885924
2025-11-24 10:02:23.574,2796.5993892964775
2025-11-24 11:01:44.532,2798.011900973332
2025-11-24 12:00:22.032,2800.012849894453
2025-11-24 13:00:56.109,2801.8604818756708
2025-11-24 14:00:42.458,2820.7754528971113
2025-11-24 15:02:31.165,2828.6379415527053
2025-11-24 16:01:13.260,2845.5122941595837
2025-11-24 17:00:57.619,2859.6167728750675
2025-11-24 18:01:28.194,2940.886893265146
2025-11-24 19:00:19.678,2953.8352293690127
2025-11-24 20:02:07.204,2959.551034112809
2025-11-24 21:01:45.132,2979.1940739173087
2025-11-24 22:01:49.873,2956.4640214007636
2025-11-24 23:01:43.856,2954.6540400671456
2025-11-25 00:01:16.249,2952.334906852989
2025-11-25 01:01:57.465,2944.4844329749926
2025-11-25 02:00:31.430,2926.100045453785
2025-11-25 03:01:55.450,2926.745303529564
2025-11-25 04:01:47.457,2911.2360803190536
2025-11-25 05:01:41.608,2938.983212052411
2025-11-25 06:01:48.419,2931.6000411614395
2025-11-25 07:02:28.021,2918.0135361036473
2025-11-25 08:00:29.521,2903.12390370383
2025-11-25 09:02:26.376,2883.780388855892
2025-11-25 10:02:52.240,2886.287542870822
2025-11-25 11:04:09.727,2894.1398260083283
2025-11-25 12:02:03.822,2892.531947762183
2025-11-25 13:00:47.841,2926.848628586485
2025-11-25 14:01:54.768,2902.0828665785602
2025-11-25 15:02:40.287,2874.1006617093535
2025-11-25 16:00:48.994,2894.0410308072196
2025-11-25 17:01:39.708,2928.4552539508004
2025-11-25 18:07:58.620,2941.1850746883424
2025-11-25 19:02:56.118,2924.394914941541
2025-11-25 20:02:31.822,2922.267166468887
2025-11-25 21:00:01.250,2933.8211210858276
2025-11-25 22:01:02.072,2930.133688294028
2025-11-25 23:01:12.134,2971.4320119753984
2025-11-26 00:00:39.621,2955.046469321271
2025-11-26 01:02:37.676,2951.891249728667
2025-11-26 02:02:15.310,2968.1539600428046
2025-11-26 03:01:41.662,2960.722439420544
2025-11-26 04:01:49.077,2924.288991588844
2025-11-26 05:02:11.975,2930.8371369093225
2025-11-26 06:02:03.593,2943.6649992964262
2025-11-26 07:01:48.162,2946.2892988860317
2025-11-26 08:02:04.307,2943.126559161543
2025-11-26 09:03:22.837,2912.47815035887
2025-11-26 10:01:44.434,2907.210470993942
2025-11-26 11:02:05.266,2913.7911142478765
2025-11-26 12:01:03.036,2912.670526170785
2025-11-26 13:00:13.457,2900.7717389644213
2025-11-26 14:02:25.412,2929.4500215499897
2025-11-26 15:01:57.342,2924.986033852255
2025-11-26 16:01:01.441,2924.453853164632
2025-11-26 17:01:09.760,2946.578445402885
2025-11-26 18:02:13.510,3018.7315933991604
2025-11-26 19:03:17.956,3032.320342339682
2025-11-26 20:02:03.818,3034.313113281528
2025-11-26 21:01:26.370,3025.3006264370188
2025-11-26 22:01:11.605,3021.643821842016
2025-11-26 23:01:44.444,3022.4832248446096
2025-11-27 00:01:52.160,3027.477249132549
2025-11-27 01:01:08.274,3034.959936891751
2025-11-27 02:01:50.893,3036.666727613886
2025-11-27 03:02:16.335,3040.9064252110197
2025-11-27 04:01:55.859,3032.785145048253
2025-11-27 05:01:57.272,3039.65042641999
2025-11-27 06:01:17.573,3022.945535031752
2025-11-27 07:02:31.787,3025.200098370673
2025-11-27 08:01:05.970,3032.8971561575513
2025-11-27 09:03:07.317,3026.358893295984
2025-11-27 10:01:24.042,3030.3694774812325
2025-11-27 11:03:16.905,3034.0874298969097
2025-11-27 12:01:27.977,3028.090417878539
2025-11-27 13:01:26.238,2991.4300096361003
2025-11-27 14:02:18.774,2997.7083187480885
2025-11-27 15:00:31.849,2996.936659657759
2025-11-27 16:00:32.323,3010.6326085304045
2025-11-27 17:00:36.195,3020.9392665854016
2025-11-27 18:00:50.461,3019.502238687148
2025-11-27 19:01:45.489,3035.8452585036925
2025-11-27 20:01:54.654,3030.9891398859295
2025-11-27 21:01:46.610,3042.0036590590903
2025-11-27 22:00:56.412,3033.0047355593742
2025-11-27 23:00:39.933,3011.434661926886
2025-11-28 00:00:34.164,3015.6118196920934
2025-11-28 01:02:23.208,3013.6528830451916
2025-11-28 02:02:49.620,2998.8961391433586
2025-11-28 03:02:29.563,3010.8373860333036
2025-11-28 04:00:47.625,3008.2234562692097
2025-11-28 05:01:44.678,3016.943094393487
2025-11-28 06:00:50.872,3023.727458354725
2025-11-28 07:01:58.347,3011.4874956162184
2025-11-28 08:02:03.824,3004.0513660555353
2025-11-28 09:02:14.147,3060.335215181214
2025-11-28 10:03:07.258,3054.250482998829
2025-11-28 11:01:36.831,3060.282384841825
2025-11-28 12:02:14.566,3034.000309213119
2025-11-28 13:01:04.101,3035.7657398119195
2025-11-28 14:06:00.775,3072.5041055528095
2025-11-28 15:01:14.502,3066.3911700702597
2025-11-28 16:01:35.817,3072.92085650585
2025-11-28 17:01:38.821,3024.1523369214115
2025-11-28 18:01:37.091,3036.9462608403237
2025-11-28 19:02:11.068,3042.906227468831
2025-11-28 20:03:10.490,3047.0219743288044
2025-11-28 21:01:42.485,3057.8095225485545
2025-11-28 22:01:53.813,3040.6638181757767
2025-11-28 23:01:17.139,3040.256497385927
2025-11-29 00:01:37.002,3033.135645414151
2025-11-29 01:01:57.219,3037.6631529965894
2025-11-29 02:00:25.506,3039.09552535408
2025-11-29 03:01:34.650,3029.588420842273
2025-11-29 04:01:24.088,3023.7111363457493
2025-11-29 05:00:25.781,3034.6284531340225
2025-11-29 06:01:57.440,3033.206805417268
2025-11-29 07:00:59.595,3008.3917073377183
2025-11-29 08:01:08.471,3004.8646353710133
2025-11-29 09:02:25.293,3010.024295440982
2025-11-29 10:02:06.465,3002.656075089537
2025-11-29 11:02:09.650,2999.788379891447
2025-11-29 12:00:47.127,3000.9863457152433
2025-11-29 13:01:42.622,2997.7140667909166
2025-11-29 14:01:20.757,2999.2182318468076
2025-11-29 15:02:01.549,2988.95841647194
2025-11-29 16:01:28.159,3007.3841335094107
2025-11-29 17:00:16.016,3003.463938139528
2025-11-29 18:02:18.788,2972.5957101265117
2025-11-29 19:01:54.915,2995.6770369312326
2025-11-29 20:01:42.893,2988.8300312273086
2025-11-29 21:01:45.754,2996.5279311094837
2025-11-29 22:01:48.694,2994.8762103607105
2025-11-29 23:01:10.968,2989.5765006910274
2025-11-30 00:00:33.194,2989.6497957851875
2025-11-30 01:02:06.701,2996.959093008609
2025-11-30 02:01:39.003,3005.748040088813
2025-11-30 03:01:33.047,2992.0156451657394
2025-11-30 04:01:46.305,3002.368989935004
2025-11-30 05:01:33.560,2998.687663238271
2025-11-30 06:01:42.600,2992.6779303620833
2025-11-30 07:01:42.603,2998.1315272158818
2025-11-30 08:01:46.976,3005.76690692482
2025-11-30 09:01:47.587,3006.660794691906
2025-11-30 10:01:03.792,3010.457240538004
2025-11-30 11:01:39.255,3009.750263451871
2025-11-30 12:02:05.405,3004.2341178491356
2025-11-30 13:00:32.399,3026.881019788104
2025-11-30 14:04:38.569,3049.209070185915
2025-11-30 15:02:02.873,3034.7820885116585
2025-11-30 16:01:49.220,3028.1658564161344
2025-11-30 17:01:52.123,3046.1575476597177
2025-11-30 18:01:44.994,3039.9862718314516
2025-11-30 19:01:55.344,3036.946954209921
2025-11-30 20:06:31.781,3035.7070581322882
2025-11-30 21:01:45.506,3028.78272155379
2025-11-30 22:01:30.234,3022.320819227035
2025-11-30 23:01:47.559,3028.4239287167156
2025-12-01 00:00:18.460,2992.8341859495977
2025-12-01 01:02:03.588,2835.9897717977774
2025-12-01 02:01:34.141,2851.4524853309895
2025-12-01 03:01:58.015,2841.153827431813
2025-12-01 04:03:05.923,2825.2971249263783
2025-12-01 05:01:19.897,2821.5655640465543
2025-12-01 06:01:50.513,2828.2239421541994
2025-12-01 07:02:50.763,2824.315380121469
2025-12-01 08:01:10.978,2839.6944955044764
2025-12-01 09:01:16.835,2838.3493998954973
2025-12-01 10:01:16.980,2839.88355717161
2025-12-01 11:00:36.483,2843.7008451954457
2025-12-01 12:03:46.036,2838.6443712307328
2025-12-01 13:00:38.886,2823.2105022338997
2025-12-01 14:06:54.192,2818.34049219424
2025-12-01 15:00:37.266,2810.429356268784
2025-12-01 16:02:52.985,2751.3879665926193
2025-12-01 17:02:33.862,2736.0108494110395
2025-12-01 18:01:15.203,2740.4152542964084
2025-12-01 19:01:11.779,2750.6238136188886
2025-12-01 20:00:20.435,2739.998599158972
2025-12-01 21:02:17.409,2761.830486203416
2025-12-01 22:01:22.493,2788.5638398011774
2025-12-01 23:01:40.573,2800.0661798716346
2025-12-02 00:01:32.857,2799.0367919901605
2025-12-02 01:02:18.530,2794.5607592511747
2025-12-02 02:01:13.102,2794.7500938115713
2025-12-02 03:02:07.303,2804.1367923157604
2025-12-02 04:01:16.661,2804.972942725627
2025-12-02 05:01:16.075,2807.3766975144695
2025-12-02 06:02:12.208,2802.1698700225083
2025-12-02 07:01:11.883,2812.806679533729
2025-12-02 08:00:55.692,2806.3504019840325
2025-12-02 09:01:01.968,2796.800834992008
2025-12-02 10:01:54.186,2799.719928172288
2025-12-02 11:02:24.800,2826.345202906178
2025-12-02 12:01:11.442,2826.885024621273
2025-12-02 13:02:38.709,2825.301864711149
2025-12-02 14:00:09.558,2840.780495539455
2025-12-02 15:01:57.252,2890.1238144012623
2025-12-02 16:01:15.131,3008.6161655998612
2025-12-02 17:01:34.474,2998.270036729145
2025-12-02 18:02:36.472,3019.1929694987543
2025-12-02 19:02:48.310,3014.9148404147263
2025-12-02 20:03:28.812,3016.603862723867
2025-12-02 21:00:28.255,2983.294347770373
2025-12-02 22:01:38.229,2994.8951554637506
2025-12-02 23:01:33.013,3017.3720325477584
2025-12-03 00:01:26.213,2997.602427194639
2025-12-03 01:00:52.007,3004.1952039031494
2025-12-03 02:06:00.167,3023.6878006063002
2025-12-03 03:00:11.543,3033.651492300093
2025-12-03 04:00:33.519,3032.163337073482
2025-12-03 05:00:49.105,3057.3726367638055
2025-12-03 06:03:09.647,3059.4781822319487
2025-12-03 07:02:45.175,3066.0787118830694
2025-12-03 08:03:02.594,3061.289868556398
2025-12-03 09:01:10.781,3051.3402822593216
2025-12-03 10:06:27.440,3060.488672605812
2025-12-03 11:04:06.132,3058.5894431755346
2025-12-03 12:00:46.403,3073.294438767537
2025-12-03 13:01:45.992,3081.678097624113
2025-12-03 14:00:36.892,3090.4728733612587
2025-12-03 15:02:42.685,3088.6239745924463
2025-12-03 16:02:27.901,3082.859239994965
2025-12-03 17:00:13.704,3095.6337767628575
2025-12-03 18:01:03.532,3129.884822842987
2025-12-03 19:02:37.003,3115.752082640604
2025-12-03 20:01:08.452,3129.086642262008
2025-12-03 21:00:49.822,3136.8757607989596
2025-12-03 22:02:39.744,3165.710353031727
2025-12-03 23:01:42.207,3181.828530684049
2025-12-04 00:02:16.558,3188.8819447300766
2025-12-04 01:02:56.046,3197.3041028785615
2025-12-04 02:00:55.705,3203.169028604192
2025-12-04 03:01:44.947,3222.399099971185
2025-12-04 04:01:42.851,3209.8877250954165
2025-12-04 05:01:43.897,3193.1590411707025
2025-12-04 06:06:14.684,3186.228083644592
2025-12-04 07:01:45.588,3206.972277794157
2025-12-04 08:02:21.287,3191.554369753205
2025-12-04 09:01:34.787,3181.293990007959
2025-12-04 10:01:33.268,3203.8688172179914
2025-12-04 11:00:57.454,3187.803498017305
2025-12-04 12:00:20.540,3187.1474456513524
2025-12-04 13:01:00.801,3175.7751027727913
2025-12-04 14:01:12.183,3170.9969019328787
2025-12-04 15:02:08.184,3155.273805258007
2025-12-04 16:06:59.224,3190.8521304219657
2025-12-04 17:01:51.290,3168.0640119593745
2025-12-04 18:00:42.110,3161.4167415341917
2025-12-04 19:03:14.124,3139.0723763658675
2025-12-04 20:02:18.937,3123.80054275793
2025-12-04 21:05:52.717,3141.6353057739198
2025-12-04 22:01:13.069,3124.019513022045
2025-12-04 23:01:43.962,3142.1516337263515
2025-12-05 00:01:31.542,3133.698235618616
2025-12-05 01:02:39.739,3146.6279087265966
2025-12-05 02:01:45.661,3165.2341613508775
2025-12-05 03:01:56.394,3184.222388263133
2025-12-05 04:02:16.839,3171.9530011042198
2025-12-05 05:01:38.736,3171.8549874746277
2025-12-05 06:01:40.662,3154.586668576587
2025-12-05 07:02:51.215,3169.2557401234785
2025-12-05 08:00:20.511,3173.7764056083556
2025-12-05 09:01:45.608,3155.2061172195154
2025-12-05 10:01:57.658,3124.6073292936226
2025-12-05 11:02:37.976,3132.671409301684
2025-12-05 12:01:05.249,3131.4205176017485
2025-12-05 13:01:01.238,3128.8591205298862
2025-12-05 14:00:56.384,3100.2725814303435
2025-12-05 15:02:07.986,3102.194306090899
2025-12-05 16:00:58.353,3105.7322291414757
2025-12-05 17:01:15.107,3033.297854317554
2025-12-05 18:01:06.865,3032.6665830263146
2025-12-05 19:03:13.169,2995.6169409293184
2025-12-05 20:01:24.050,3038.9460134152146
2025-12-05 21:02:27.649,3025.2732630366
2025-12-05 22:00:31.289,3018.876648042432
2025-12-05 23:01:33.886,3026.2450089202616
2025-12-06 00:02:13.167,3022.6564205232035
2025-12-06 01:01:40.690,3025.8021005932865
2025-12-06 02:01:21.647,3026.5490559343098
2025-12-06 03:01:32.392,3029.439354340614
2025-12-06 04:01:39.389,3038.6696750423907
2025-12-06 05:01:02.680,3036.9815513727804
2025-12-06 06:06:58.969,3036.774829831104
2025-12-06 07:01:45.884,3040.1680821223345
2025-12-06 08:00:57.797,3026.5640369026924
2025-12-06 09:01:38.455,3016.27172190789
2025-12-06 10:00:39.042,3030.534411870339
2025-12-06 11:02:03.917,3031.769643536991
2025-12-06 12:02:06.552,3039.480677468629
2025-12-06 13:01:50.948,3031.8267230948923
2025-12-06 14:01:47.314,3037.334532622152
2025-12-06 15:00:19.358,3056.6153008823476
2025-12-06 16:01:32.125,3043.1619536420685
2025-12-06 17:02:35.974,3052.761129902317
2025-12-06 18:01:50.645,3053.2673945760903
2025-12-06 19:01:49.834,3040.818851809428
2025-12-06 20:02:07.061,3033.6936323604327
2025-12-06 21:01:23.369,3040.0925084541827
2025-12-06 22:01:49.239,3042.1155376756283
2025-12-06 23:03:36.015,3043.373929215734
2025-12-07 00:04:05.422,3039.358573133242
2025-12-07 01:00:48.433,3045.6160852037297
2025-12-07 02:00:20.939,3046.8978997009185
2025-12-07 03:00:48.929,3049.5653539369696
2025-12-07 04:01:11.910,3054.1239704562336
2025-12-07 05:01:06.794,3047.1238864925276
2025-12-07 06:01:19.704,3046.58976690325
2025-12-07 07:01:34.708,3047.043004275217
2025-12-07 08:00:50.935,3037.4020339175445
2025-12-07 09:02:03.495,3038.8257648288813
2025-12-07 10:00:48.175,3031.1583726063295
2025-12-07 11:00:57.456,3038.6659128751076
2025-12-07 12:01:43.026,3036.5968186638593
2025-12-07 13:02:11.260,3049.5226463392273
2025-12-07 14:02:39.737,3031.7965489721987
2025-12-07 15:02:16.830,2946.5902943072265
2025-12-07 16:07:03.306,3009.6978712032305
2025-12-07 17:01:03.180,3036.777694613602
2025-12-07 18:01:07.305,3113.2409042986023
2025-12-07 19:05:52.087,3132.6242573856052
2025-12-07 20:01:25.409,3139.04322924737
2025-12-07 21:01:36.663,3141.0368715131463
2025-12-07 22:00:46.802,3080.281738680723
2025-12-07 23:01:21.812,3034.6473965919295
2025-12-08 00:00:33.237,3052.976330436545
2025-12-08 01:01:48.728,3064.969090675112
2025-12-08 02:01:28.395,3110.88710333536
2025-12-08 03:01:52.296,3106.829545018643
2025-12-08 04:01:33.638,3109.59273945971
2025-12-08 05:01:02.286,3128.4798278041517
2025-12-08 06:01:37.792,3130.0577838450436
2025-12-08 07:01:37.738,3128.715065400636
2025-12-08 08:01:02.279,3133.5258022847383
2025-12-08 09:01:32.980,3140.6311304338637
2025-12-08 10:01:46.242,3156.8138309293618
2025-12-08 11:01:34.975,3159.5021955417433
2025-12-08 12:01:44.521,3140.3494782604976
2025-12-08 13:01:56.321,3131.6385032269404
2025-12-08 14:00:40.710,3146.734020486684
2025-12-08 15:01:17.393,3131.2162498391344
2025-12-08 16:02:01.621,3108.5485566302686
2025-12-08 17:05:50.852,3106.3840951872967
2025-12-08 18:01:41.093,3111.7999962916565
2025-12-08 19:03:32.879,3093.476152063856
2025-12-08 20:01:50.855,3125.665176731417
2025-12-08 21:01:48.623,3139.697687534451
2025-12-08 22:01:03.147,3147.359295787979
2025-12-08 23:01:23.561,3130.6749574243913
2025-12-09 00:01:43.174,3123.8052523660685
2025-12-09 01:01:23.193,3119.2169084228885
2025-12-09 02:01:38.856,3107.24218587533
2025-12-09 03:02:57.063,3105.2940751271885
2025-12-09 04:01:16.631,3129.461835470605
2025-12-09 05:01:58.470,3107.622580708713
2025-12-09 06:01:36.546,3107.294444183018
2025-12-09 07:01:54.713,3109.500320998096
2025-12-09 08:01:39.827,3121.7608972690623
2025-12-09 09:06:10.803,3121.6050298460164
2025-12-09 10:02:08.816,3107.453048912867
2025-12-09 11:01:44.683,3106.67041588328
2025-12-09 12:02:55.426,3117.6356744651057
2025-12-09 13:03:02.594,3137.6785376548064
2025-12-09 14:00:48.835,3116.5060557646543
2025-12-09 15:00:57.667,3114.641435238245
2025-12-09 16:00:55.590,3249.8746230335614
2025-12-09 17:02:23.934,3366.1206291159992
2025-12-09 18:01:39.556,3374.9334799627645
2025-12-09 19:01:37.307,3375.3702509662735
2025-12-09 20:01:47.093,3364.224958920048
2025-12-09 21:01:35.584,3328.2650470416515
2025-12-09 22:01:20.993,3302.8997329755966
2025-12-09 23:02:00.529,3327.540771092026
2025-12-10 00:01:12.370,3318.7209450428563
2025-12-10 01:01:36.650,3308.3166092141446
2025-12-10 02:00:23.483,3303.3813218634477
2025-12-10 03:01:29.791,3311.4586743618943
2025-12-10 04:01:37.126,3309.543066464357
2025-12-10 05:01:36.829,3323.204157456065
2025-12-10 06:01:35.254,3323.0255329286197
2025-12-10 07:00:34.611,3325.451474750101
2025-12-10 08:01:35.641,3322.8908347269644
2025-12-10 09:00:57.077,3324.945815302738
2025-12-10 10:01:46.813,3339.4767398006747
2025-12-10 11:01:46.000,3316.586961960093
2025-12-10 12:01:44.565,3317.653910245247
2025-12-10 13:01:57.046,3320.625831847625
2025-12-10 14:01:34.991,3331.86889487789
2025-12-10 15:01:11.382,3318.1811904016445
2025-12-10 16:01:28.672,3322.1326915795585
2025-12-10 17:01:46.405,3361.6131053076124
2025-12-10 18:01:38.185,3368.643341756075
2025-12-10 19:00:19.395,3390.5686048018933
2025-12-10 20:01:42.078,3386.1092027519194
2025-12-10 21:01:27.732,3362.0415151585785
2025-12-10 22:02:26.160,3344.6246649032505
2025-12-10 23:01:14.743,3348.044969214875
2025-12-11 00:00:29.188,3323.292012600325
2025-12-11 01:06:39.859,3278.0206666061185
2025-12-11 02:01:36.050,3252.6578324590505
2025-12-11 03:02:36.427,3207.0606141866797
2025-12-11 04:01:52.623,3188.969952522831
2025-12-11 05:03:23.901,3210.3059220311616
2025-12-11 06:03:02.482,3211.401105800758
2025-12-11 07:01:08.098,3202.6345781052382
2025-12-11 08:01:34.038,3200.2888539127384
2025-12-11 09:01:28.216,3196.844966385386
2025-12-11 10:02:29.343,3201.475376446696
2025-12-11 11:02:25.551,3197.524249975942
2025-12-11 12:02:51.562,3194.2244618007544
2025-12-11 13:00:15.327,3200.147615466741
2025-12-11 14:02:22.838,3191.685487264432
2025-12-11 15:02:02.904,3160.5339577888058
2025-12-11 16:01:29.909,3176.8668836592497
2025-12-11 17:01:32.657,3179.4430275790137
2025-12-11 18:02:17.746,3181.979862203747
2025-12-11 19:02:18.805,3199.3330270099827
2025-12-11 20:02:00.158,3195.0146435687143
2025-12-11 21:06:23.035,3225.8490771868287
2025-12-11 22:03:45.009,3252.9514741615685
2025-12-11 23:00:12.511,3236.6136452347146
2025-12-12 00:03:54.622,3236.0986208578574
2025-12-12 01:00:54.329,3214.4256907347476
2025-12-12 02:02:20.247,3232.201540610735
2025-12-12 03:02:02.918,3258.5736139193145
2025-12-12 04:01:10.327,3245.9210094497407
2025-12-12 05:01:36.303,3249.72483382441
2025-12-12 06:00:44.008,3245.9517440599097
2025-12-12 07:01:14.864,3253.6812858183266
2025-12-12 08:00:48.115,3248.1563227923784
2025-12-12 09:02:08.696,3245.634197520647
2025-12-12 10:02:55.360,3249.534032914067
2025-12-12 11:01:36.745,3243.336355122708
2025-12-12 12:01:21.550,3239.1983113222345
2025-12-12 13:03:43.003,3247.2170126585843
2025-12-12 14:08:44.141,3239.351597362389
2025-12-12 15:01:34.435,3232.77053138853
2025-12-12 16:00:59.793,3070.427063962404
2025-12-12 17:03:02.523,3071.0407343674674
2025-12-12 18:02:41.288,3070.482371885144
2025-12-12 19:01:44.841,3095.227004385128
2025-12-12 20:01:42.664,3073.381084014099
2025-12-12 21:02:07.764,3085.1078877303594
2025-12-12 22:02:44.975,3084.234084514975
2025-12-12 23:01:37.000,3094.0372954132804
2025-12-13 00:01:35.722,3085.316694358101
2025-12-13 01:00:49.534,3086.8839011600153
2025-12-13 02:01:12.138,3084.317805744734
2025-12-13 03:00:50.252,3085.311775522131
2025-12-13 04:01:28.972,3089.9472545947797
2025-12-13 05:06:01.294,3090.9070385827035
2025-12-13 06:01:48.929,3088.0064609717133
2025-12-13 07:00:35.880,3094.441745437255
2025-12-13 08:01:54.065,3095.114130644876
2025-12-13 09:01:46.940,3117.3381746518608
2025-12-13 10:01:11.442,3119.0465006164522
2025-12-13 11:01:13.812,3127.831746159106
2025-12-13 12:02:06.510,3121.3852892181426
2025-12-13 13:01:40.763,3116.0560457516617
2025-12-13 14:01:49.851,3109.2376815673047
2025-12-13 15:00:24.103,3111.680928039413
2025-12-13 16:01:27.886,3110.7292456757286
2025-12-13 17:06:31.065,3102.696834085014
2025-12-13 18:00:11.879,3100.6234671661464
2025-12-13 19:03:00.220,3102.0519886614875
2025-12-13 20:00:27.425,3108.5298003651474
2025-12-13 21:01:06.052,3103.6210090127497
2025-12-13 22:01:12.463,3103.00405535732
2025-12-13 23:01:44.376,3115.285716978763
2025-12-14 00:02:03.195,3115.271399958073
2025-12-14 01:01:13.118,3119.9027505323675
2025-12-14 02:00:40.207,3120.2918002779707
2025-12-14 03:01:07.463,3120.856509432509
2025-12-14 04:00:57.578,3119.543985366659
2025-12-14 05:01:08.352,3110.762950498049
2025-12-14 06:01:51.697,3111.136413947907
2025-12-14 07:00:44.764,3110.85675843403
2025-12-14 08:01:12.111,3116.0163151976776
2025-12-14 09:02:08.320,3116.841662501201
2025-12-14 10:01:13.926,3109.3851275614434
2025-12-14 11:01:10.791,3107.2466161047782
2025-12-14 12:02:18.871,3082.182844146457
2025-12-14 13:00:28.562,3099.7295192693314
2025-12-14 14:00:25.224,3097.458413783772
2025-12-14 15:01:33.921,3085.2995807419484
2025-12-14 16:01:06.298,3083.2750385100335
2025-12-14 17:02:43.232,3099.972274045178
2025-12-14 18:01:51.562,3084.1756250377957
2025-12-14 19:01:04.150,3102.305189181094
2025-12-14 20:01:34.636,3094.3334063496245
2025-12-14 21:03:12.318,3083.2467624324036
2025-12-14 22:01:24.894,3081.578641594812
2025-12-14 23:01:44.905,3066.3634206891916
2025-12-15 00:01:32.561,3065.4912355563642
2025-12-15 01:01:26.331,3075.131525420944
2025-12-15 02:01:32.579,3114.691392811652
2025-12-15 03:03:57.759,3120.328693040456
2025-12-15 04:01:13.780,3110.3264653194333
2025-12-15 05:01:48.546,3124.1842020805475
2025-12-15 06:01:40.854,3119.0085684207966
2025-12-15 07:03:17.586,3139.8664080455583
2025-12-15 08:02:55.154,3127.931784500581
2025-12-15 09:02:37.519,3140.16006953471
2025-12-15 10:01:33.873,3154.141206050937
2025-12-15 11:00:33.420,3158.1169798009805
2025-12-15 12:01:03.961,3156.9219342801302
2025-12-15 13:01:40.309,3156.12551009966
2025-12-15 14:06:19.492,3136.436912538494
2025-12-15 15:01:46.455,3042.389740955731
2025-12-15 16:00:23.078,3009.3550433765454
2025-12-15 17:01:30.763,2987.6103756352272
2025-12-15 18:01:19.467,2934.520449415184
2025-12-15 19:02:52.601,2941.211553280032
2025-12-15 20:02:59.631,2932.522262523423
2025-12-15 21:01:49.966,2929.25691202192
2025-12-15 22:01:32.047,2945.1214013474
2025-12-15 23:01:10.327,2943.8565027133563
2025-12-16 00:01:46.729,2963.8945572517114
2025-12-16 01:01:54.541,2942.4300712496074
2025-12-16 02:01:43.781,2946.3539987935915
2025-12-16 03:01:44.933,2946.9947867785972
2025-12-16 04:01:49.006,2938.4834780575698
2025-12-16 05:01:47.255,2919.114696901984
2025-12-16 06:02:07.358,2923.589650796761
2025-12-16 07:03:07.212,2946.7028817364885
2025-12-16 08:00:47.915,2924.563035106966
2025-12-16 09:07:25.518,2928.6717444852165
2025-12-16 10:01:48.115,2925.7757695602486
2025-12-16 11:02:35.300,2946.0067918144896
2025-12-16 12:02:21.079,2958.7292164307846
2025-12-16 13:01:59.410,2949.661509108155
2025-12-16 14:00:46.901,2921.3292914964113
2025-12-16 15:01:35.656,2940.2225031955845
2025-12-16 16:01:41.727,2963.9740981308637
2025-12-16 17:01:16.528,2939.992986440112
2025-12-16 18:02:40.376,2925.2356747411236
2025-12-16 19:01:57.787,2957.5771897356362
2025-12-16 20:01:46.155,2945.236395898691
2025-12-16 21:02:44.090,2947.5259316685647
2025-12-16 22:01:07.694,2950.498739900128
2025-12-16 23:01:40.653,2952.302179238272
2025-12-17 00:03:27.386,2957.8602493045723
2025-12-17 01:00:31.923,2949.2533527925034
2025-12-17 02:01:01.016,2952.9652792474
2025-12-17 03:00:31.195,2958.8443765475577
2025-12-17 04:06:36.142,2947.616656862601
2025-12-17 05:01:59.070,2928.6923675304038
2025-12-17 06:03:35.624,2929.8811986470087
2025-12-17 07:00:48.906,2935.6346045161295
2025-12-17 08:00:42.247,2946.5364875998253
2025-12-17 09:00:36.441,2924.37425151378
2025-12-17 10:02:00.143,2925.157114328604
2025-12-17 11:01:28.503,2919.015781789315
2025-12-17 12:01:43.229,2927.839750434304
2025-12-17 13:01:42.632,2925.4956611528396
2025-12-17 14:01:45.200,2939.3740642703
2025-12-17 15:02:00.023,2968.3324839438587
2025-12-17 16:00:50.067,2902.4944378664527
2025-12-17 17:01:38.201,2862.2189836578837
2025-12-17 18:02:26.654,2849.0913789695396
2025-12-17 19:02:50.534,2815.654691915589
2025-12-17 20:01:46.285,2818.628521585416
2025-12-17 21:01:51.433,2822.3743128536244
2025-12-17 22:01:56.350,2819.1553623330406
2025-12-17 23:02:06.379,2831.277693717463
2025-12-18 00:06:09.486,2832.4683268792255
2025-12-18 01:01:41.944,2835.5688523336275
2025-12-18 02:01:20.107,2826.6752320304886
2025-12-18 03:01:49.718,2838.8624582660627
2025-12-18 04:07:12.031,2837.091012443636
2025-12-18 05:01:14.767,2836.9066023438495
2025-12-18 06:01:33.903,2824.298627313819
2025-12-18 07:01:06.699,2829.803368643158
2025-12-18 08:01:35.169,2835.3782218560846
2025-12-18 09:01:34.034,2840.1216110072114
2025-12-18 10:01:35.245,2851.2974050942385
2025-12-18 11:01:47.532,2856.4321165503834
2025-12-18 12:01:59.563,2859.428596421367
2025-12-18 13:02:30.037,2873.0564243538283
2025-12-18 14:06:56.873,2965.2093927265873
2025-12-18 15:01:33.024,2948.6181606986092
2025-12-18 16:07:16.886,2959.389466518966
2025-12-18 17:02:21.822,2939.869034304678
2025-12-18 18:02:06.243,2835.7476638148614
2025-12-18 19:06:45.768,2825.342613499352
2025-12-18 20:01:16.770,2781.7359451596076
2025-12-18 21:00:24.826,2783.876362459344
2025-12-18 22:02:18.453,2828.2318885253735
2025-12-18 23:01:52.069,2828.2151501096764
2025-12-19 00:02:00.369,2826.5948465107654
2025-12-19 01:01:42.352,2828.9822534192103
2025-12-19 02:00:40.721,2820.4782274416993
2025-12-19 03:01:58.337,2834.550448683598
2025-12-19 04:01:16.889,2906.4637974048896
2025-12-19 05:01:33.962,2921.43299990986
2025-12-19 06:03:56.210,2918.2826882548843
2025-12-19 07:01:39.268,2948.62951645563
2025-12-19 08:01:13.788,2949.8974880968767
2025-12-19 09:00:33.637,2950.5297468471317
2025-12-19 10:01:27.422,2953.4721043843715
2025-12-19 11:03:56.729,2951.3458748648095
2025-12-19 12:03:50.249,2961.6256722552594
2025-12-19 13:01:20.208,2955.021111337561
2025-12-19 14:00:15.148,2959.6708407016527
2025-12-19 15:01:15.241,2976.305733150867
2025-12-19 16:06:30.217,2964.5721527852743
2025-12-19 17:02:06.023,2967.0150314132943
2025-12-19 18:02:10.490,2963.2039289475174
2025-12-19 19:02:28.296,2967.7599650760644
2025-12-19 20:00:35.389,2983.488871606146
2025-12-19 21:02:06.813,2991.0837899680077
2025-12-19 22:01:44.909,2975.9899928295827
2025-12-19 23:03:25.757,2984.7342299654774
2025-12-20 00:00:34.494,2976.796869557769
2025-12-20 01:01:41.387,2971.6606425456057
2025-12-20 02:01:18.171,2975.23533464193
2025-12-20 03:02:34.048,2981.3628882036255
2025-12-20 04:02:08.473,2987.8578878065296
2025-12-20 05:02:55.985,2982.2218826445237
2025-12-20 06:02:57.687,2982.9280138965373
2025-12-20 07:01:45.474,2979.2054603338374
2025-12-20 08:01:33.590,2981.1733467890217
2025-12-20 09:01:34.079,2981.251866052273
2025-12-20 10:00:59.565,2981.8244095100968
2025-12-20 11:03:25.607,2977.3322368521667
2025-12-20 12:02:41.984,2984.9264002376726
2025-12-20 13:01:26.413,2987.698720718347
2025-12-20 14:03:14.075,2975.112536243712
2025-12-20 15:01:33.437,2978.3805725561524
2025-12-20 16:03:06.362,2975.91146926791
2025-12-20 17:00:34.933,2977.0724862379484
2025-12-20 18:03:57.285,2977.2017293093068
2025-12-20 19:01:51.334,2974.9316725388367
2025-12-20 20:01:38.918,2977.548530532718
2025-12-20 21:01:18.859,2983.3578554863343
2025-12-20 22:05:14.467,2978.308801603675
2025-12-20 23:00:58.378,2978.1792087705053
2025-12-21 00:02:03.413,2977.162263207443
2025-12-21 01:00:59.658,2978.0102485671646
2025-12-21 02:01:38.264,2969.5166921373752
2025-12-21 03:01:54.171,2962.9861895921613
2025-12-21 04:07:27.130,2974.0797005746126
2025-12-21 05:01:59.461,2974.2396048662695
2025-12-21 06:02:03.631,2972.575823712107
2025-12-21 07:04:26.069,2974.9280406376756
2025-12-21 08:02:19.428,2979.7838620005477
2025-12-21 09:01:55.264,2991.0076969630863
2025-12-21 10:00:15.168,3004.1891528769024
2025-12-21 11:02:48.152,2994.4346152336507
2025-12-21 12:01:51.258,2995.072950838514
2025-12-21 13:00:26.680,2986.657700020452
2025-12-21 14:04:52.022,2945.79637589386
2025-12-21 15:01:17.222,2969.9362527947064
2025-12-21 16:09:41.938,2973.581409403152
2025-12-21 17:03:14.800,2983.9954441335453
2025-12-21 18:01:50.826,2982.8502621017014
2025-12-21 19:05:20.518,2991.0491761146786
2025-12-21 20:02:42.649,2991.8315005524855
2025-12-21 21:02:03.707,2985.9020543053866
2025-12-21 22:02:29.748,2971.596643743287
2025-12-21 23:01:23.794,2996.4482322494105
2025-12-22 00:02:09.010,3004.2204920824893
2025-12-22 01:01:53.243,3024.8731108190486
2025-12-22 02:01:58.190,3016.40440727092
2025-12-22 03:01:49.116,3009.847090243052
2025-12-22 04:01:21.548,3019.5239109619097
2025-12-22 05:02:08.289,3039.3933667487804
2025-12-22 06:01:31.328,3027.167915404419
2025-12-22 07:02:22.807,3025.7560667931193
2025-12-22 08:02:10.100,3027.156789860027
2025-12-22 09:03:52.272,3026.3960629695293
2025-12-22 10:01:39.729,3037.446220723541
2025-12-22 11:06:25.159,3039.951604518949
2025-12-22 12:01:42.783,3049.905176151386
2025-12-22 13:01:21.978,3057.230623415445
2025-12-22 14:02:33.935,3056.386055623059
2025-12-22 15:01:19.899,3060.4517267689494
2025-12-22 16:01:11.229,3053.714694108634
2025-12-22 17:02:40.117,3041.641783874525
2025-12-22 18:01:51.595,3030.510650998354
2025-12-22 19:01:53.227,3015.311865726126
2025-12-22 20:01:31.867,2977.7545442176083
2025-12-22 21:02:09.468,2978.318455102786
2025-12-22 22:02:47.923,2986.543927987727
2025-12-22 23:01:57.875,3008.6104381648643
2025-12-23 00:03:08.399,3005.786780691547
2025-12-23 01:00:56.267,3026.359906444771
2025-12-23 02:01:32.894,3016.8762894099764
2025-12-23 03:01:18.632,2996.9285918304904
2025-12-23 04:01:41.776,2993.2657275633724
2025-12-23 05:01:56.449,2983.2315649062484
2025-12-23 06:01:44.327,2973.474000701299
2025-12-23 07:01:58.005,2959.657192700202
2025-12-23 08:01:55.233,2962.6189036226237
2025-12-23 09:00:39.135,2960.5062746077615
2025-12-23 10:02:07.966,2962.8799011616197
2025-12-23 11:02:16.319,2965.643496553827
2025-12-23 12:03:32.485,2971.69358131061
2025-12-23 13:01:56.379,2953.92282110745
2025-12-23 14:02:22.291,2943.2346686615147
2025-12-23 15:00:20.741,2923.268042740615
2025-12-23 16:01:55.939,2924.60280992774
2025-12-23 17:02:07.758,2956.1911179069675
2025-12-23 18:02:08.702,2913.603167384494
2025-12-23 19:02:13.349,2946.325953402252
2025-12-23 20:02:11.632,2942.785085274882
2025-12-23 21:00:40.418,2969.0508359365635
2025-12-23 22:06:18.199,2973.3020034909105
2025-12-23 23:02:02.506,2957.731085001817
2025-12-24 00:06:26.440,2965.21878516193
2025-12-24 01:01:06.144,2971.138622084907
2025-12-24 02:00:43.423,2963.3767390545777
2025-12-24 03:01:51.131,2934.7366110210255
2025-12-24 04:01:46.260,2944.632121955922
2025-12-24 05:01:45.598,2933.950999308565
2025-12-24 06:01:25.248,2927.2353514105666
2025-12-24 07:01:17.947,2931.5814210493304
2025-12-24 08:00:14.414,2935.2103616278437
2025-12-24 09:01:32.475,2922.7713377072823
2025-12-24 10:00:12.431,2918.4521889156113
2025-12-24 11:01:24.560,2926.3149176106504
2025-12-24 12:00:48.222,2923.9130374499127
2025-12-24 13:01:40.484,2934.8705905046927
2025-12-24 14:01:22.620,2929.714094433399
2025-12-24 15:01:42.888,2913.7143132494234
2025-12-24 16:01:49.748,2923.033270899293
2025-12-24 17:00:24.424,2936.2551215710314
2025-12-24 18:01:25.458,2935.094606583077
2025-12-24 19:01:53.061,2940.2776568900754
2025-12-24 20:01:50.000,2945.0326237011063
2025-12-24 21:01:21.812,2941.2670088473674
2025-12-24 22:02:06.765,2948.3958543988224
2025-12-24 23:01:15.428,2957.9900282959866
2025-12-25 00:01:40.271,2945.367282877598
2025-12-25 01:01:42.888,2937.8144492342517
2025-12-25 02:01:15.325,2946.6453584132205
2025-12-25 03:02:52.681,2950.4453192143983
2025-12-25 04:01:19.036,2945.3434357576944
2025-12-25 05:01:15.016,2943.080831142383
2025-12-25 06:01:55.878,2941.062585521763
2025-12-25 07:01:54.190,2940.315517635294
2025-12-25 08:03:06.510,2940.2566166237684
2025-12-25 09:02:08.133,2927.8061269312884
2025-12-25 10:01:48.839,2927.2132599718734
2025-12-25 11:00:51.049,2918.4981916996667
2025-12-25 12:02:06.948,2922.9068927290423
2025-12-25 13:01:09.303,2926.2869819271896
2025-12-25 14:00:51.569,2929.5587134983857
2025-12-25 15:02:35.102,2933.0544973616975
2025-12-25 16:02:11.775,2960.725557895814
2025-12-25 17:01:06.949,2947.2289576322405
2025-12-25 18:02:05.726,2951.1011438883947
2025-12-25 19:02:52.642,2956.9546266727884
2025-12-25 20:01:52.841,2954.6192934453197
2025-12-25 21:02:05.514,2947.776988841009
2025-12-25 22:01:57.601,2943.843256553471
2025-12-25 23:01:52.762,2916.502245517586
2025-12-26 00:01:14.274,2901.680790122988
2025-12-26 01:01:32.249,2901.2952033585866
2025-12-26 02:01:17.940,2916.716459075605
2025-12-26 03:01:54.261,2973.1868063879447
2025-12-26 04:01:16.161,2961.7903631213276
2025-12-26 05:00:33.849,2969.6194209952764
2025-12-26 06:01:07.637,2971.15013152671
2025-12-26 07:00:40.503,2975.3310561362428
2025-12-26 08:01:56.712,2955.958422695799
2025-12-26 09:01:34.259,2961.742483204471
2025-12-26 10:01:43.892,2971.3533149639024
2025-12-26 11:01:32.379,2969.703871495611
2025-12-26 12:01:53.417,2963.187517887934
2025-12-26 13:01:34.505,2970.858929629755
2025-12-26 14:01:16.754,2983.0656279818995
2025-12-26 15:00:49.053,2915.662353050313
2025-12-26 16:01:09.370,2920.916468912234
2025-12-26 17:02:01.091,2917.132415399828
2025-12-26 18:01:50.368,2916.853665803923
2025-12-26 19:01:59.769,2922.027367933244
2025-12-26 20:01:47.930,2924.0952856756453
2025-12-26 21:01:14.318,2930.4816962356176
2025-12-26 22:01:58.325,2926.8746074702067
2025-12-26 23:01:21.317,2928.968639087138
2025-12-27 00:01:41.210,2926.4701674105486
2025-12-27 01:01:57.160,2925.6799840473013
2025-12-27 02:00:28.824,2925.7943363516583
2025-12-27 03:01:46.131,2927.355739438612
2025-12-27 04:01:10.661,2931.513097346723
2025-12-27 05:02:04.467,2927.774987256774
2025-12-27 06:01:02.835,2929.2493986151985
2025-12-27 07:00:45.010,2927.946283454781
2025-12-27 08:03:25.538,2931.6145952982247
2025-12-27 09:02:11.890,2932.3872359426878
2025-12-27 10:01:20.414,2933.345284972141
2025-12-27 11:03:35.087,2925.005109058906
2025-12-27 12:02:23.340,2930.7760943762396
2025-12-27 13:01:52.501,2930.6473975314293
2025-12-27 14:01:39.940,2928.3429047377713
2025-12-27 15:00:33.790,2928.0566455129274
2025-12-27 16:02:23.418,2925.929220073669
2025-12-27 17:03:56.671,2920.2643340807313
2025-12-27 18:01:20.078,2925.8746860752117
2025-12-27 19:02:17.361,2923.446850295261
2025-12-27 20:01:40.251,2928.8944620663956
2025-12-27 21:01:15.738,2927.436296541511
2025-12-27 22:01:06.765,2933.1955936984805
2025-12-27 23:01:40.978,2932.334925930947
2025-12-28 00:01:52.894,2948.8621262576116
2025-12-28 01:01:28.288,2943.501600796408
2025-12-28 02:01:45.826,2941.7270402164513
2025-12-28 03:01:43.882,2945.5170930322042
2025-12-28 04:02:19.262,2940.7790728700306
2025-12-28 05:00:58.166,2936.1382638584305
2025-12-28 06:00:29.006,2932.895775918967
2025-12-28 07:01:17.078,2940.2417742497337
2025-12-28 08:01:19.072,2936.7793420158723
2025-12-28 09:01:30.149,2937.862539776762
2025-12-28 10:01:58.048,2933.4723173987845
2025-12-28 11:01:11.826,2941.3693517795064
2025-12-28 12:01:42.213,2942.1500362407164
2025-12-28 13:02:08.743,2939.062903464596
2025-12-28 14:02:21.834,2937.7625494645176
2025-12-28 15:01:17.752,2944.3702006973463
2025-12-28 16:01:09.813,2947.4686266150943
2025-12-28 17:01:52.040,2941.6655288626494
2025-12-28 18:02:27.684,2943.776709842538
2025-12-28 19:01:45.465,2929.498134238861
2025-12-28 20:01:28.560,2931.4375704631357
2025-12-28 21:01:14.014,2930.3611544805262
2025-12-28 22:01:45.910,2935.7945691315117
2025-12-28 23:01:17.007,2948.49972897494
2025-12-29 00:01:36.732,2948.8317693857384
2025-12-29 01:01:42.732,2964.9790930923805
2025-12-29 02:01:10.443,2979.5231907250927
2025-12-29 03:00:33.447,3000.9705527674723
2025-12-29 04:01:04.265,3040.247910861492
2025-12-29 05:01:11.948,3037.1506826646455
2025-12-29 06:01:52.883,3033.267554291303
2025-12-29 07:03:38.837,3033.673490454416
2025-12-29 08:01:55.143,3016.324891605562
2025-12-29 09:02:20.155,3011.415762433642
2025-12-29 10:01:43.549,2971.413448493009
2025-12-29 11:01:06.785,2962.8340509210334
2025-12-29 12:01:10.810,2956.661365244738
2025-12-29 13:01:13.352,2926.888261061273
2025-12-29 14:03:45.541,2923.620217019045
2025-12-29 15:00:56.591,2925.072437536195
2025-12-29 16:01:07.470,2933.2186545511195
2025-12-29 17:02:19.745,2934.654376514579
2025-12-29 18:00:55.682,2939.476103818284
2025-12-29 19:04:11.896,2916.290073649777
2025-12-29 20:01:55.063,2927.7187214358237
2025-12-29 21:01:47.056,2927.316480550237
2025-12-29 22:02:07.848,2932.4096026536
2025-12-29 23:00:13.375,2935.5690277163285
2025-12-30 00:02:49.811,2934.356280609806
2025-12-30 01:01:30.668,2934.4061962836317
2025-12-30 02:01:40.099,2933.039684387293
2025-12-30 03:00:55.891,2924.463338486223
2025-12-30 04:00:10.985,2949.346300358852
2025-12-30 05:04:12.332,2943.798517051301
2025-12-30 06:01:42.969,2938.407183248025
2025-12-30 07:03:50.133,2941.840965077232
2025-12-30 08:01:52.922,2948.041952192823
2025-12-30 09:00:15.454,2974.955506621397
2025-12-30 10:02:04.277,2981.1974544125487
2025-12-30 11:04:19.094,2971.883898523899
2025-12-30 12:01:53.329,2975.4907448781473
2025-12-30 13:03:56.298,2976.525227972591
2025-12-30 14:00:18.579,2985.0895949598016
2025-12-30 15:01:48.055,2993.8232417075897
2025-12-30 16:01:19.033,2987.9510979096704
2025-12-30 17:01:46.675,2979.763916923709
2025-12-30 18:01:58.228,2971.3874414271604
2025-12-30 19:00:53.156,2968.825530989548
2025-12-30 20:01:48.596,2967.368734370848
2025-12-30 21:02:09.806,2953.6715861937837
2025-12-30 22:01:22.484,2965.0447892134366
2025-12-30 23:02:22.112,2966.5174653554886
2025-12-31 00:02:30.919,2967.9804137872784
2025-12-31 01:01:25.734,2962.130776553635
2025-12-31 02:01:57.351,2974.1701731072667
2025-12-31 03:02:04.180,2977.5004835317127
2025-12-31 04:00:28.469,2966.865147622426
2025-12-31 05:01:53.124,2966.461684263511
2025-12-31 06:01:19.761,2971.5532383499167
2025-12-31 07:01:08.340,2971.97881159787
2025-12-31 08:00:15.758,2973.2462820916703
2025-12-31 09:01:28.949,2965.8569582425785
2025-12-31 10:01:01.542,2973.6961970450225
2025-12-31 11:00:24.438,2974.494397079014
2025-12-31 12:00:19.286,2995.4940031601877
2025-12-31 13:02:48.156,2982.5118052318007
2025-12-31 14:01:34.901,2993.605768111746
2025-12-31 15:01:11.193,2989.349640538847
2025-12-31 16:02:22.286,2981.4282166790194
2025-12-31 17:02:19.682,2970.7113411046716
2025-12-31 18:01:41.114,2971.04014798073
2025-12-31 19:01:22.501,2970.682915945432
2025-12-31 20:02:24.595,2967.1991098885537
2025-12-31 21:00:36.362,2971.57117039138
2025-12-31 22:02:00.473,2978.536636019944
2025-12-31 23:01:16.796,2972.2430394715984
2026-01-01 00:02:24.994,2967.591233332681
2026-01-01 01:01:47.027,2975.310741544183
2026-01-01 02:01:46.592,2979.2833802882446
2026-01-01 03:01:29.062,2977.9700910410807
2026-01-01 04:01:33.432,2975.5663396693967
2026-01-01 05:01:26.770,2971.0298945889963
2026-01-01 06:01:12.450,2977.337934042543
2026-01-01 07:01:26.313,2971.8984873140316
2026-01-01 08:01:49.744,2973.9173656695107
2026-01-01 09:02:47.689,2977.8809211562125
2026-01-01 10:01:19.714,2979.2757504517485
2026-01-01 11:04:07.368,2980.6890764357286
2026-01-01 12:02:56.881,2984.1522717800985
2026-01-01 13:03:22.134,2982.2252352716782
2026-01-01 14:00:48.599,2978.8868189249665
2026-01-01 15:00:34.935,2981.22365830363
2026-01-01 16:02:32.639,2985.4677234198625
2026-01-01 17:01:38.294,2978.288017004604
2026-01-01 18:02:18.250,2987.5105424531334
2026-01-01 19:01:24.667,2986.056083052212
2026-01-01 20:00:28.496,2990.3667148685886
2026-01-01 21:02:23.136,2984.9019975958954
2026-01-01 22:00:52.495,2985.6084789280694
2026-01-01 23:01:56.788,2997.753674620365
2026-01-02 00:02:47.379,3000.512031854633
2026-01-02 01:03:04.949,3001.3104873797756
2026-01-02 02:02:04.942,2999.6108062419603
2026-01-02 03:01:09.655,2997.4592044015417
2026-01-02 04:01:58.973,3025.3351438985833
2026-01-02 05:01:10.664,3008.2858781938626
2026-01-02 06:02:00.493,3013.103476039833
2026-01-02 07:01:30.032,3023.9465407108664
2026-01-02 08:01:42.471,3015.1415319495327
2026-01-02 09:02:14.049,3028.9894760054426
2026-01-02 10:01:23.076,3045.1320622698563
2026-01-02 11:03:42.414,3050.305146269335
2026-01-02 12:03:03.444,3044.6126456474412
2026-01-02 13:00:51.119,3045.973793834212
2026-01-02 14:02:36.039,3051.7369218134263
2026-01-02 15:01:24.621,3084.428806101791
2026-01-02 16:01:51.205,3084.501563144204
2026-01-02 17:02:02.128,3123.0329005143544
2026-01-02 18:01:56.767,3119.391389462507
2026-01-02 19:01:53.709,3101.9144423562343
2026-01-02 20:01:51.633,3122.2018163795865
2026-01-02 21:01:49.893,3111.1642755876596
2026-01-02 22:01:42.650,3128.2396582889105
2026-01-02 23:01:53.973,3134.5077774331176
2026-01-03 00:01:39.594,3121.9006724537576
2026-01-03 01:01:07.782,3129.3459404707232
2026-01-03 02:01:38.715,3126.9740288471257
2026-01-03 03:02:06.800,3124.4468707465867
2026-01-03 04:01:05.468,3124.102639925313
2026-01-03 05:01:55.512,3115.4194470812968
2026-01-03 06:01:18.883,3110.512452234814
2026-01-03 07:00:29.547,3100.084561747822
2026-01-03 08:01:15.828,3088.518669264159
2026-01-03 09:01:25.713,3098.4464538189773
2026-01-03 10:01:56.979,3101.111913732795
2026-01-03 11:01:27.461,3099.3320207758884
2026-01-03 12:01:47.524,3095.939793465082
2026-01-03 13:00:27.024,3102.7131056714775
2026-01-03 14:01:31.893,3101.2357424419674
2026-01-03 15:01:51.299,3102.327440852081
2026-01-03 16:00:38.847,3099.680858285004
2026-01-03 17:01:49.878,3108.0544427126188
2026-01-03 18:01:08.270,3106.616617599295
2026-01-03 19:01:18.157,3113.719839194485
2026-01-03 20:00:46.382,3111.4658164339417
2026-01-03 21:01:44.420,3113.655949104575
2026-01-03 22:01:40.409,3117.738305427735
2026-01-03 23:01:05.793,3120.7450013278935
2026-01-04 00:02:04.157,3126.041091396286
2026-01-04 01:02:01.584,3157.606633097782
2026-01-04 02:01:36.166,3146.7742406269285
2026-01-04 03:01:40.939,3137.857889048045
2026-01-04 04:01:42.523,3148.4003698612305
2026-01-04 05:01:43.291,3147.7708209056236
2026-01-04 06:01:37.836,3147.643102208198
2026-01-04 07:01:41.344,3142.8847394541176
2026-01-04 08:01:40.746,3138.71872373849
2026-01-04 09:01:41.463,3135.550510646968
2026-01-04 10:01:34.381,3140.7382713753536
2026-01-04 11:01:05.602,3144.224096424792
2026-01-04 12:01:19.419,3137.879710638214
2026-01-04 13:01:52.899,3134.7333699214587
2026-01-04 14:01:29.068,3138.3552516616987
2026-01-04 15:01:47.678,3136.518878139651
2026-01-04 16:00:22.153,3131.3481484746194
2026-01-04 17:01:59.901,3136.346433790102
2026-01-04 18:01:32.071,3137.16390117407
2026-01-04 19:01:44.151,3131.76945489036
2026-01-04 20:00:54.834,3131.968631113617
2026-01-04 21:01:35.362,3140.4035324336155
2026-01-04 22:01:14.713,3143.0790082027565
2026-01-04 23:01:17.966,3139.0004731016306
2026-01-05 00:01:48.766,3139.057041912684
2026-01-05 01:01:47.193,3164.905900640227
2026-01-05 02:01:53.160,3198.771017126292
2026-01-05 03:01:45.846,3192.1936972021404
2026-01-05 04:01:42.671,3185.22482046445
2026-01-05 05:01:24.733,3164.704359863799
2026-01-05 06:01:34.995,3148.2709619642715
2026-01-05 07:00:31.777,3156.4111036827157
2026-01-05 08:02:46.884,3156.578252959668
2026-01-05 09:01:25.104,3162.111687637821
2026-01-05 10:01:07.306,3166.626958897011
2026-01-05 11:04:25.275,3170.693161388891
2026-01-05 12:00:51.607,3179.26127478203
2026-01-05 13:01:20.983,3168.811830172514
2026-01-05 14:02:09.045,3153.94746948917
2026-01-05 15:03:26.447,3164.2628125462707
2026-01-05 16:01:26.315,3189.4491726130327
2026-01-05 17:01:43.567,3182.6331796474324
2026-01-05 18:00:51.000,3215.0132149668157
2026-01-05 19:01:35.335,3225.119105112612
2026-01-05 20:01:33.284,3221.8547629256964
2026-01-05 21:00:14.996,3235.8038067557027
2026-01-05 22:01:58.684,3240.451722309484
2026-01-05 23:00:42.826,3240.5042701501034
2026-01-06 00:01:35.461,3225.527995100646
2026-01-06 01:01:30.280,3216.000513011314
2026-01-06 02:01:41.455,3217.6382210735533
2026-01-06 03:02:11.386,3216.1020044886714
2026-01-06 04:02:41.689,3225.0523940290627
2026-01-06 05:03:19.699,3224.452993720094
2026-01-06 06:01:44.715,3218.269099381697
2026-01-06 07:01:50.398,3240.0293241470063
2026-01-06 08:03:17.364,3218.8715999200044
2026-01-06 09:03:41.657,3218.396475362177
2026-01-06 10:01:43.476,3223.7887308805944
2026-01-06 11:02:16.100,3227.346254050537
2026-01-06 12:04:30.480,3237.9217196364452
2026-01-06 13:03:41.283,3235.6405593520176
2026-01-06 14:01:44.269,3238.104974240745
2026-01-06 15:01:20.510,3275.8895207485507
2026-01-06 16:02:05.518,3265.9936735460624
2026-01-06 17:02:07.973,3244.641895568854
2026-01-06 18:03:42.588,3196.752293062114
2026-01-06 19:02:22.200,3217.5707532162237
2026-01-06 20:00:25.879,3221.453069019834
2026-01-06 21:02:30.962,3239.46301514555
2026-01-06 22:01:40.031,3277.1504415054583
2026-01-06 23:02:12.285,3274.1460800045243
2026-01-07 00:01:53.159,3292.519345496091
2026-01-07 01:02:35.969,3261.8629033752645
2026-01-07 02:01:55.785,3244.182188148317
2026-01-07 03:02:15.799,3269.127835409948
2026-01-07 04:01:31.778,3264.816106522177
2026-01-07 05:04:01.700,3252.5562989721543
2026-01-07 06:00:57.917,3246.670049307805
2026-01-07 07:02:44.216,3248.5646420283647
2026-01-07 08:06:07.072,3253.4602680031358
2026-01-07 09:04:20.059,3253.5248025607584
2026-01-07 10:02:44.143,3199.396220018539
2026-01-07 11:01:13.817,3216.4623484038057
2026-01-07 12:01:58.866,3219.027240875089
2026-01-07 13:05:39.030,3211.757767981276
2026-01-07 14:02:45.948,3209.462674727785
2026-01-07 15:01:12.386,3190.1431509133345
2026-01-07 16:00:33.382,3162.00073097673
2026-01-07 17:01:22.878,3156.606590079917
2026-01-07 18:01:40.882,3153.4176278101127
2026-01-07 19:01:13.901,3146.6256137769537
2026-01-07 20:00:30.537,3144.572032318712
2026-01-07 21:01:38.417,3136.7549580879872
2026-01-07 22:01:14.660,3146.2654980963684
2026-01-07 23:01:38.273,3150.2967009139825
2026-01-08 00:01:28.305,3165.507881246196
2026-01-08 01:01:43.978,3171.9386995431128
2026-01-08 02:02:20.496,3172.763450742679
2026-01-08 03:01:06.140,3155.739750752951
2026-01-08 04:01:41.214,3135.3485389535526
2026-01-08 05:01:43.664,3149.895700092555
2026-01-08 06:01:38.127,3139.4571107393804
2026-01-08 07:01:57.488,3103.5884611583333
2026-01-08 08:02:04.950,3124.828548147519
2026-01-08 09:01:41.281,3112.493347326355
2026-01-08 10:01:27.274,3110.8382862596873
2026-01-08 11:02:41.261,3125.266486756858
2026-01-08 12:01:32.054,3116.4263456788417
2026-01-08 13:02:46.037,3091.511075233543
2026-01-08 14:02:40.664,3090.385033518699
2026-01-08 15:02:14.763,3068.5599445341845
2026-01-08 16:02:15.282,3101.8116952868554
2026-01-08 17:01:47.730,3111.2562220158347
2026-01-08 18:02:19.716,3130.6437070275183
2026-01-08 19:03:14.308,3114.2687335507494
2026-01-08 20:01:49.095,3106.3967671870873
2026-01-08 21:02:11.681,3105.8920487127925
2026-01-08 22:01:43.681,3116.5357550445583
2026-01-08 23:01:07.905,3115.97776431295
2026-01-09 00:01:17.666,3104.224267314333
2026-01-09 01:01:46.748,3112.5304424251285
2026-01-09 02:01:39.132,3101.5105087313946
2026-01-09 03:01:24.203,3105.7664543435394
2026-01-09 04:02:42.866,3115.873263607091
2026-01-09 05:01:37.432,3113.6791411580816
2026-01-09 06:01:20.550,3112.674139776676
2026-01-09 07:02:24.366,3118.7773276389994
2026-01-09 08:00:43.408,3109.836932388654
2026-01-09 09:00:56.924,3077.89116295405
2026-01-09 10:01:58.782,3087.346991150066
2026-01-09 11:01:15.526,3094.292154852611
2026-01-09 12:01:16.516,3086.676177366247
2026-01-09 13:03:49.978,3083.1687307569646
2026-01-09 14:00:38.373,3095.3709228153907
2026-01-09 15:02:47.607,3071.4305411356777
2026-01-09 16:02:07.945,3109.4536965172847
2026-01-09 17:00:51.954,3129.893856609466
2026-01-09 18:04:01.354,3111.540973269979
2026-01-09 19:00:38.090,3091.202703059476
2026-01-09 20:01:27.159,3076.249335557945
2026-01-09 21:02:03.838,3068.7716485913093
2026-01-09 22:01:55.855,3079.2226432251646
2026-01-09 23:01:47.388,3081.6530536684027
2026-01-10 00:01:56.690,3083.1361173724354
2026-01-10 01:03:52.340,3080.0396740143333
2026-01-10 02:02:31.340,3086.4860070856407
2026-01-10 03:01:36.188,3083.6934657874876
2026-01-10 04:02:24.563,3082.7357958820908
2026-01-10 05:01:28.102,3076.29061694808
2026-01-10 06:02:14.622,3082.4788924843097
2026-01-10 07:02:06.432,3083.542761475709
2026-01-10 08:02:04.965,3088.6041873645304
2026-01-10 09:01:38.622,3085.925444927948
2026-01-10 10:03:12.345,3091.3913938722617
2026-01-10 11:01:20.630,3098.280266194768
2026-01-10 12:01:41.995,3093.1069061462263
2026-01-10 13:01:33.560,3094.6417202061743
2026-01-10 14:01:08.625,3090.674348239095
2026-01-10 15:01:39.822,3087.079734183184
2026-01-10 16:02:02.648,3091.055756540553
2026-01-10 17:02:15.814,3091.641757749023
2026-01-10 18:00:53.167,3088.529693522589
2026-01-10 19:00:46.093,3088.762742863389
2026-01-10 20:02:57.349,3087.4323652451144
2026-01-10 21:01:38.721,3085.448627572934
2026-01-10 22:01:04.074,3082.045289931931
2026-01-10 23:01:31.089,3076.463023011334
2026-01-11 00:03:28.993,3081.6917701006164
2026-01-11 01:02:29.585,3087.538753954775
2026-01-11 02:01:07.026,3091.232423007324
2026-01-11 03:01:43.359,3089.558712072397
2026-01-11 04:02:46.793,3092.6409345124493
2026-01-11 05:01:09.207,3093.99608576011
2026-01-11 06:02:26.940,3094.7762566718875
2026-01-11 07:02:21.575,3093.847053695694
2026-01-11 08:01:35.191,3090.4757958521786
2026-01-11 09:02:42.418,3099.719875610859
2026-01-11 10:02:47.292,3100.730547595653
2026-01-11 11:01:49.159,3102.7317691868793
2026-01-11 12:02:38.258,3101.0477602100846
2026-01-11 13:03:39.803,3110.401867576942
2026-01-11 14:02:33.474,3105.356894554065
2026-01-11 15:03:07.345,3119.5758469186617
2026-01-11 16:02:38.850,3114.6688508709876
2026-01-11 17:01:14.668,3125.106605269003
2026-01-11 18:01:39.214,3122.233015402484
2026-01-11 19:02:12.235,3124.2906383278264
2026-01-11 20:01:29.978,3120.1228385800914
2026-01-11 21:02:56.778,3107.8756005331998
2026-01-11 22:02:46.686,3117.231102285829
2026-01-11 23:00:45.975,3105.1191717123975
2026-01-12 00:03:08.401,3119.3619360372772
2026-01-12 01:01:26.786,3116.4958286073297
2026-01-12 02:00:23.725,3120.133703799189
2026-01-12 03:00:56.660,3155.336175387848
2026-01-12 04:01:25.438,3150.015958053487
2026-01-12 05:01:27.723,3155.428258569285
2026-01-12 06:01:09.028,3155.2257277708195
2026-01-12 07:01:38.255,3148.5393969955085
2026-01-12 08:01:15.186,3130.7072320522034
2026-01-12 09:01:33.807,3110.871398586523
2026-01-12 10:00:43.485,3112.033892078764
2026-01-12 11:02:24.571,3103.043067055309
2026-01-12 12:01:28.058,3111.5657993752234
2026-01-12 13:02:26.979,3112.7904163667827
2026-01-12 14:01:46.759,3106.993859153231
2026-01-12 15:01:53.703,3099.3580516793822
2026-01-12 16:01:46.054,3127.7139260826443
2026-01-12 17:02:24.506,3129.734765423107
2026-01-12 18:01:48.062,3101.9115123566257
2026-01-12 19:01:39.907,3103.6647180637174
2026-01-12 20:02:05.291,3118.539681931758
2026-01-12 21:01:13.017,3099.594499288929
2026-01-12 22:01:39.854,3089.859799328128
2026-01-12 23:01:27.842,3093.9608938288484
2026-01-13 00:01:24.200,3091.3342564712493
2026-01-13 01:02:02.574,3104.421984903272
2026-01-13 02:01:41.012,3093.6613334753756
2026-01-13 03:01:57.107,3098.6410693932025
2026-01-13 04:02:10.674,3112.697060823075
2026-01-13 05:01:43.113,3119.9396593690126
2026-01-13 06:02:20.382,3129.2843367947426
2026-01-13 07:03:24.945,3129.2181337818843
2026-01-13 08:01:32.768,3119.7632986644458
2026-01-13 09:02:31.859,3132.874054328134
2026-01-13 10:03:13.612,3135.43485097706
2026-01-13 11:01:25.693,3129.777296600298
2026-01-13 12:01:34.707,3131.349790605605
2026-01-13 13:02:47.384,3130.828169710614
2026-01-13 14:00:38.035,3139.9740785577437
2026-01-13 15:01:59.322,3143.619142171232
2026-01-13 16:01:35.476,3168.563161769329
2026-01-13 17:02:05.136,3190.0954724087255
2026-01-13 18:01:07.579,3177.635444658659
2026-01-13 19:03:26.995,3198.81518356044
2026-01-13 20:00:53.479,3210.4232974148085
2026-01-13 21:02:48.175,3203.2008890272687
2026-01-13 22:01:13.327,3209.102996140998
2026-01-13 23:00:48.793,3330.1019109696003
2026-01-14 00:02:26.713,3319.9354070565078
2026-01-14 01:01:05.522,3322.426209494073
2026-01-14 02:01:52.146,3331.748538457779
2026-01-14 03:01:45.862,3323.7360542730935
2026-01-14 04:02:05.745,3350.310521018246
2026-01-14 05:02:27.143,3334.861450416723
2026-01-14 06:03:12.788,3327.051356180885
2026-01-14 07:02:03.791,3330.8844674525135
2026-01-14 08:02:18.113,3335.2668384398467
2026-01-14 09:02:09.452,3327.2722963292276
2026-01-14 10:02:48.485,3326.922122520005
2026-01-14 11:00:17.473,3314.8996166228694
2026-01-14 12:01:20.359,3283.6826808697833
2026-01-14 13:02:59.275,3294.420047669845
2026-01-14 14:00:37.855,3300.5306604350617
2026-01-14 15:02:07.139,3341.572651234266
2026-01-14 16:01:26.674,3345.3407808743027
2026-01-14 17:02:45.985,3368.19696667591
2026-01-14 18:03:37.247,3340.0311764784924
2026-01-14 19:01:49.617,3338.5733721901133
2026-01-14 20:02:34.065,3363.7740528762447
2026-01-14 21:02:38.688,3379.565980244238
2026-01-14 22:02:42.032,3372.5521680912802
2026-01-14 23:01:54.021,3351.268436243383
2026-01-15 00:01:38.282,3354.6842221862175
2026-01-15 01:02:45.838,3333.976929658703
2026-01-15 02:02:29.874,3324.9992288459566
2026-01-15 03:03:05.418,3314.807917101872
2026-01-15 04:01:31.375,3283.889052313213
2026-01-15 05:03:30.953,3306.791312604553
2026-01-15 06:02:55.866,3312.2248508408497
2026-01-15 07:01:28.180,3314.325267632158
2026-01-15 08:02:40.057,3327.8677296056735
2026-01-15 09:02:01.906,3334.5296030232553
2026-01-15 10:03:52.092,3362.3618004275554
2026-01-15 11:02:25.832,3362.6673671910867
2026-01-15 12:03:01.165,3348.358623369633
2026-01-15 13:01:09.653,3367.9780100538946
2026-01-15 14:01:57.493,3374.4562131864677
2026-01-15 15:01:31.257,3341.514724617176
2026-01-15 16:01:47.361,3322.664690484606
2026-01-15 17:01:06.253,3329.783641343506
2026-01-15 18:02:54.085,3301.353256051389
2026-01-15 19:01:59.957,3285.7714307182277
2026-01-15 20:02:40.104,3293.5684696495814
2026-01-15 21:01:04.927,3285.7720217014967
2026-01-15 22:02:13.034,3299.7587454800946
2026-01-15 23:01:50.172,3305.671361431653
2026-01-16 00:01:23.230,3317.2974244936777
2026-01-16 01:00:34.044,3316.3160531598674
2026-01-16 02:01:43.501,3312.7604084426757
2026-01-16 03:01:29.194,3302.7315763871707
2026-01-16 04:02:04.598,3294.743898761574
2026-01-16 05:02:21.404,3287.7541258651827
2026-01-16 06:02:21.671,3309.3221055773697
2026-01-16 07:02:27.071,3313.1327217828975
2026-01-16 08:00:23.838,3306.999912834378
2026-01-16 09:02:03.826,3311.4889363379634
2026-01-16 10:03:05.930,3307.1564828771297
2026-01-16 11:03:39.508,3295.4005879675237
2026-01-16 12:00:26.462,3300.233824379366
2026-01-16 13:01:08.004,3306.5048191946844
2026-01-16 14:04:19.179,3309.5950030848853
2026-01-16 15:02:17.030,3294.0916448801063
2026-01-16 16:02:56.052,3263.3938005347827
2026-01-16 17:00:34.517,3277.0673366579504
2026-01-16 18:01:16.743,3281.6723705446616
2026-01-16 19:02:40.615,3276.515375452005
2026-01-16 20:01:37.356,3274.2541205775165
2026-01-16 21:01:46.168,3291.4332542629486
2026-01-16 22:03:04.265,3292.9966952268246
2026-01-16 23:01:47.209,3292.1729555345696
2026-01-17 00:02:17.266,3295.283518004227
2026-01-17 01:01:47.922,3291.3815376365105
2026-01-17 02:01:34.561,3288.77283945868
2026-01-17 03:00:52.790,3290.5772180260506
2026-01-17 04:03:28.076,3288.014474864383
2026-01-17 05:01:14.655,3290.30846520757
2026-01-17 06:02:53.795,3289.9349784275355
2026-01-17 07:01:45.017,3289.564763805509
2026-01-17 08:01:53.436,3289.7217872550664
2026-01-17 09:01:54.328,3294.677446838837
2026-01-17 10:02:01.288,3297.9267826079445
2026-01-17 11:03:24.903,3294.5527679937663
2026-01-17 12:02:01.420,3301.124778632926
2026-01-17 13:02:16.199,3301.2223196682266
2026-01-17 14:01:38.235,3302.2400899419677
2026-01-17 15:03:22.937,3308.0305382319616
2026-01-17 16:03:16.837,3324.3614241904315
2026-01-17 17:00:56.278,3317.5951896477172
2026-01-17 18:04:15.210,3315.768166271968
2026-01-17 19:00:36.475,3317.6127688725096
2026-01-17 20:01:33.343,3314.965596127312
2026-01-17 21:02:09.468,3315.88375324341
2026-01-17 22:02:02.983,3310.9965174506656
2026-01-17 23:02:08.204,3301.998721913545
2026-01-18 00:03:34.699,3307.6006046299644
2026-01-18 01:01:57.834,3302.2881960317573
2026-01-18 02:01:58.258,3300.4178028229103
2026-01-18 03:02:04.890,3301.736004271844
2026-01-18 04:01:58.538,3314.4833167686234
2026-01-18 05:01:55.183,3310.564545169197
2026-01-18 06:01:10.230,3314.499129953123
2026-01-18 07:01:10.280,3313.70148922771
2026-01-18 08:01:10.321,3305.8665996301697
2026-01-18 09:01:42.856,3313.9393425904873
2026-01-18 10:02:18.597,3321.9719501772984
2026-01-18 11:00:27.650,3324.248475382608
2026-01-18 12:03:05.323,3320.6324971370022
2026-01-18 13:01:14.956,3320.6808500477323
2026-01-18 14:02:56.937,3323.276670606868
2026-01-18 15:03:15.745,3324.1154189990907
2026-01-18 16:01:27.193,3332.289950748911
2026-01-18 17:02:48.555,3332.5447532672893
2026-01-18 18:02:16.616,3340.1680273939887
2026-01-18 19:01:24.505,3361.0172514656288
2026-01-18 20:02:05.236,3344.4564841030965
2026-01-18 21:02:25.266,3339.3053322591377
2026-01-18 22:01:12.135,3340.1828389516013
2026-01-18 23:02:37.490,3347.290836879803
2026-01-19 00:01:30.521,3281.73157397951
2026-01-19 01:01:55.597,3209.5083661311214
2026-01-19 02:02:07.926,3203.250996547155
2026-01-19 03:03:46.774,3204.1781323620303
2026-01-19 04:00:54.959,3209.7392220356264
2026-01-19 05:01:03.073,3211.744515758945
2026-01-19 06:00:42.921,3201.5512091016453
2026-01-19 07:02:30.353,3191.7440740627503
2026-01-19 08:00:54.544,3205.2988849917974
2026-01-19 09:02:57.245,3214.41940588181
2026-01-19 10:02:57.889,3205.2274231072165
2026-01-19 11:00:53.462,3212.8321536071826
2026-01-19 12:00:08.324,3221.0346933886226
2026-01-19 13:03:48.659,3221.7831191098044
2026-01-19 14:01:16.023,3216.735849906306
2026-01-19 15:00:20.834,3211.1339163490306
2026-01-19 16:02:23.445,3215.04733169902
2026-01-19 17:03:09.030,3222.385206097108
2026-01-19 18:02:53.878,3218.268242385051
2026-01-19 19:01:28.234,3212.7198036167165
2026-01-19 20:02:20.757,3217.0996882077093
2026-01-19 21:02:11.025,3213.87811294079
2026-01-19 22:01:57.696,3211.7945935022626
2026-01-19 23:00:11.279,3197.698455979384
2026-01-20 00:02:20.876,3186.2352674709255
2026-01-20 01:01:38.859,3181.5520397375803
2026-01-20 02:01:35.889,3194.6840610634517
2026-01-20 03:01:37.803,3193.152663882552
2026-01-20 04:01:26.894,3185.492699842182
2026-01-20 05:01:45.647,3171.021399715985
2026-01-20 06:01:17.774,3169.135409288059
2026-01-20 07:03:01.207,3110.525940390807
2026-01-20 08:01:28.923,3125.8860492651675
2026-01-20 09:02:13.368,3101.057763980308
2026-01-20 10:01:11.103,3089.541509314204
2026-01-20 11:01:47.587,3098.870567458938
2026-01-20 12:01:03.076,3106.547238013766
2026-01-20 13:01:37.710,3108.1193155929054
2026-01-20 14:02:50.689,3079.485415195748
2026-01-20 15:01:42.869,3041.707963838635
2026-01-20 16:01:26.348,3028.5320613612585
2026-01-20 17:01:42.879,3003.209788437512
2026-01-20 18:01:48.969,2997.6359515068834
2026-01-20 19:01:29.525,2991.082133886964
2026-01-20 20:01:06.505,2992.399936881445
2026-01-20 21:01:33.277,2994.0662969276123
2026-01-20 22:01:26.637,2988.8260710189593
2026-01-20 23:01:26.556,2943.5140429287476
2026-01-21 00:01:47.938,2935.6234193160412
2026-01-21 01:03:03.712,2956.3193332181754
2026-01-21 02:01:53.440,2965.747203598716
2026-01-21 03:00:42.074,2958.5075408702673
2026-01-21 04:03:04.039,2978.5882083955003
2026-01-21 05:02:44.531,2976.13752975451
2026-01-21 06:01:54.732,2991.7856470932893
2026-01-21 07:00:45.713,2976.1253591670707
2026-01-21 08:01:20.528,2966.1435503049647
2026-01-21 09:01:54.199,2961.5376737503357
2026-01-21 10:01:43.555,2957.166505370206
2026-01-21 11:00:12.883,2961.3718682516783
2026-01-21 12:01:26.892,2951.1610913732875
2026-01-21 13:01:24.482,2927.757961089628
2026-01-21 14:00:31.411,2927.960932343257
2026-01-21 15:04:51.000,2979.6509028998526
2026-01-21 16:02:43.414,3000.091296308372
2026-01-21 17:03:33.388,2898.085956662772
2026-01-21 18:01:40.838,2900.5937203101976
2026-01-21 19:01:10.824,2924.525775649996
2026-01-21 20:03:38.085,3044.4127126470316
2026-01-21 21:02:19.273,3021.821251399534
2026-01-21 22:02:05.707,3028.592793902351
2026-01-21 23:01:57.764,3008.755840241063
2026-01-22 00:01:19.621,2979.5589066742377
2026-01-22 01:02:10.606,3001.530680206272
2026-01-22 02:02:22.974,3024.3935933454527
2026-01-22 03:00:44.942,3015.5053677273822
2026-01-22 04:01:34.788,3008.20895565873
2026-01-22 05:02:34.485,3019.914149526946
2026-01-22 06:00:59.677,3013.7477391495245
2026-01-22 07:02:07.710,3017.056932789565
2026-01-22 08:03:12.453,3000.7926300893387
2026-01-22 09:01:06.045,3002.2708127319183
2026-01-22 10:02:05.038,3011.538553142054
2026-01-22 11:01:50.903,2999.9488497081015
2026-01-22 12:01:37.619,2983.8511112807487
2026-01-22 13:01:29.032,2985.828824535182
2026-01-22 14:01:54.465,2967.50294665777
2026-01-22 15:01:41.501,2942.5244796574098
2026-01-22 16:01:43.455,2940.0663125342926
2026-01-22 17:01:57.205,2942.4363464177927
2026-01-22 18:01:50.741,2955.134463160988
2026-01-22 19:02:04.550,2940.730394609617
2026-01-22 20:01:23.863,2951.3101701228557
2026-01-22 21:01:42.558,2935.9764023765856
2026-01-22 22:01:38.641,2945.6447210714896
2026-01-22 23:01:27.639,2950.0108160383743
2026-01-23 00:01:52.738,2949.6557203306907
2026-01-23 01:02:25.285,2952.1241454100405
2026-01-23 02:01:04.920,2965.486081924912
2026-01-23 03:01:44.660,2949.3267841297225
2026-01-23 04:02:29.766,2960.3255085947203
2026-01-23 05:01:45.437,2975.1258926798982
2026-01-23 06:02:39.499,2964.609307690485
2026-01-23 07:02:02.205,2936.604625428734
2026-01-23 08:01:25.201,2944.716536659101
2026-01-23 09:02:48.170,2925.645010183537
2026-01-23 10:02:11.793,2916.9404456126276
2026-01-23 11:01:50.393,2926.736371764277
2026-01-23 12:02:52.245,2935.3641075892733
2026-01-23 13:04:17.378,2932.814795255768
2026-01-23 14:02:46.437,2924.482847887195
2026-01-23 15:02:10.084,2911.4339288713386
2026-01-23 16:02:34.051,2943.768739926417
2026-01-23 17:00:45.888,2963.4437644507907
2026-01-23 18:02:07.751,2980.112485533348
2026-01-23 19:02:13.306,2983.0995505246865
2026-01-23 20:01:53.730,2953.880899375699
2026-01-23 21:01:57.179,2937.4028711562273
2026-01-23 22:01:53.230,2942.174774503698
2026-01-23 23:01:40.294,2955.0654863597
2026-01-24 00:01:33.077,2952.51424064263
2026-01-24 01:01:58.263,2946.7271998395213
2026-01-24 02:01:34.323,2951.9409590503055
2026-01-24 03:01:42.307,2954.4673678986223
2026-01-24 04:01:31.681,2958.3272151008678
2026-01-24 05:00:33.710,2958.7866394733596
2026-01-24 06:02:05.140,2956.4312795359474
2026-01-24 07:01:35.567,2957.0408712266594
2026-01-24 08:00:02.654,2954.73339649109
2026-01-24 09:01:31.456,2958.196023218233
2026-01-24 10:02:05.412,2955.7449917169297
2026-01-24 11:02:04.173,2956.9926824358563
2026-01-24 12:03:33.647,2956.013463073866
2026-01-24 13:00:15.259,2957.685826031263
2026-01-24 14:02:06.471,2948.3168051000766
2026-01-24 15:04:47.357,2955.483710211332
2026-01-24 16:00:27.247,2952.0266193570496
2026-01-24 17:01:55.097,2954.297335542229
2026-01-24 18:01:18.234,2959.046205143847
2026-01-24 19:03:07.364,2959.2678230228967
2026-01-24 20:02:34.875,2949.162021801243
2026-01-24 21:02:53.226,2951.450446827024
2026-01-24 22:02:23.663,2952.7330758574653
2026-01-24 23:02:18.161,2958.417523902492
2026-01-25 00:01:44.938,2948.764675287434
2026-01-25 01:01:29.749,2953.841442892118
2026-01-25 02:02:57.777,2950.692922420453
2026-01-25 03:01:06.582,2948.577200373702
2026-01-25 04:01:58.119,2937.954918224407
2026-01-25 05:02:20.635,2940.5646718867642
2026-01-25 06:02:17.808,2942.5287724662917
2026-01-25 07:03:36.395,2938.912554998655
2026-01-25 08:00:24.068,2935.1149643740796
2026-01-25 09:03:16.838,2926.047883312968
2026-01-25 10:03:09.045,2932.0361948149616
2026-01-25 11:03:03.798,2939.7258056990886
2026-01-25 12:00:28.035,2932.480099746953
2026-01-25 13:02:39.152,2938.174673965828
2026-01-25 14:01:32.074,2937.3081301871885
2026-01-25 15:01:24.963,2929.1325547139527
2026-01-25 16:02:24.125,2921.321357873095
2026-01-25 17:02:51.185,2893.7629466655026
2026-01-25 18:01:39.950,2880.1409027137274
2026-01-25 19:00:40.806,2845.2052203987873
2026-01-25 20:03:20.700,2813.238445688425
2026-01-25 21:03:17.397,2812.7812470898134
2026-01-25 22:01:44.765,2815.4314816645783
2026-01-25 23:01:21.788,2801.8721466633624
2026-01-26 00:01:59.082,2813.142192300581
2026-01-26 01:00:30.465,2837.7206573337658
2026-01-26 02:02:17.191,2876.2912602501983
2026-01-26 03:02:05.846,2862.1333385734947
2026-01-26 04:01:21.488,2846.219450844881
2026-01-26 05:01:12.070,2861.9557190032674
2026-01-26 06:00:48.157,2866.1719675300706
2026-01-26 07:02:17.020,2884.253629046503
2026-01-26 08:01:50.260,2901.6425853272144
2026-01-26 09:01:43.292,2908.8795386494253
2026-01-26 10:02:07.086,2882.340005395246
2026-01-26 11:02:43.313,2893.611720880354
2026-01-26 12:00:38.439,2888.905270063252
2026-01-26 13:01:17.486,2899.725701234081
2026-01-26 14:02:26.094,2906.8596647643435
2026-01-26 15:02:43.653,2918.753303364091
2026-01-26 16:01:38.093,2897.939770557557
2026-01-26 17:02:05.337,2898.534845760637
2026-01-26 18:01:26.637,2906.545938686456
2026-01-26 19:02:26.844,2930.5306347165806
2026-01-26 20:03:20.066,2919.29069609587
2026-01-26 21:02:01.671,2898.6748099068463
2026-01-26 22:01:42.788,2925.6366941823185
2026-01-26 23:01:49.361,2922.376688193718
2026-01-27 00:03:33.429,2924.8145679901977
2026-01-27 01:01:24.150,2916.728595678238
2026-01-27 02:03:39.128,2930.200030607806
2026-01-27 03:00:25.225,2938.8251967876977
2026-01-27 04:02:32.656,2936.745337516752
2026-01-27 05:00:36.442,2936.998374805877
2026-01-27 06:01:31.593,2935.793342789936
2026-01-27 07:01:53.967,2924.5299092900805
2026-01-27 08:00:31.729,2924.8939155951375
2026-01-27 09:01:45.028,2918.831535938616
2026-01-27 10:00:17.076,2904.650561525734
2026-01-27 11:03:09.592,2899.3456735902378
2026-01-27 12:02:20.341,2913.1901213805563
2026-01-27 13:02:36.011,2914.190291906113
2026-01-27 14:01:42.295,2908.2935815599803
2026-01-27 15:01:31.398,2914.0229239545097
2026-01-27 16:02:13.417,2930.5281226928178
2026-01-27 17:01:27.023,2987.636272985243
2026-01-27 18:01:40.477,2925.510097184098
2026-01-27 19:02:01.323,2961.4109506464947
2026-01-27 20:01:48.962,2975.950442662949
2026-01-27 21:01:54.961,3017.5331977138517
2026-01-27 22:01:22.459,3012.576998528178
2026-01-27 23:00:13.197,3016.3660575021154
2026-01-28 00:01:35.726,3022.689422002903
2026-01-28 01:01:58.367,3016.8050351310535
2026-01-28 02:01:08.593,3014.623415576846
2026-01-28 03:02:00.878,3006.420625524287
2026-01-28 04:00:05.667,3001.862866870233
2026-01-28 05:02:01.726,2995.900166692166
2026-01-28 06:01:40.341,3002.239689706273
2026-01-28 07:01:42.777,3010.9498621274247
2026-01-28 08:01:25.606,3002.1292677700785
2026-01-28 09:00:33.870,2990.455149662475
2026-01-28 10:01:46.907,3006.777393132976
2026-01-28 11:02:25.686,3021.169284221076
2026-01-28 12:01:22.371,3034.8707898736875
2026-01-28 13:01:38.435,3027.1140774417795
2026-01-28 14:01:30.057,3029.6858647171193
2026-01-28 15:01:30.221,3009.6622479600437
2026-01-28 16:01:17.619,3006.750761854079
2026-01-28 17:01:42.840,3001.2214952640293
2026-01-28 18:01:46.405,3011.3070774834205
2026-01-28 19:01:59.602,3006.1686475559945
2026-01-28 20:01:36.312,3012.852333429486
2026-01-28 21:01:35.403,3008.539024570914
2026-01-28 22:02:02.322,3018.391214508773
2026-01-28 23:01:41.463,3014.8293846586016
2026-01-29 00:01:34.119,3006.3893852437395
2026-01-29 01:01:25.353,3004.3430990828933
2026-01-29 02:01:38.698,2988.4624061262302
2026-01-29 03:03:09.644,2948.2314351448194
2026-01-29 04:02:31.206,2948.3157773899115
2026-01-29 05:01:25.544,2954.5523791101846
2026-01-29 06:01:12.182,2946.0912737409994
2026-01-29 07:01:10.465,2949.391920133197
2026-01-29 08:00:36.793,2959.6697115917145
2026-01-29 09:02:15.508,2947.298144336687
2026-01-29 10:00:20.031,2940.7441011090364
2026-01-29 11:01:51.976,2941.6052627478402
2026-01-29 12:02:17.143,2926.743318215907
2026-01-29 13:01:44.428,2931.827534752336
2026-01-29 14:02:03.564,2928.388504255273
2026-01-29 15:00:44.884,2876.3914829563846
2026-01-29 16:01:50.063,2819.1677115637763
2026-01-29 17:00:24.991,2829.080024334856
2026-01-29 18:01:10.267,2819.991203738201
2026-01-29 19:01:03.223,2761.0096451213058
2026-01-29 20:01:25.548,2791.3208808284003
2026-01-29 21:01:39.530,2799.5983219134896
2026-01-29 22:01:24.650,2816.1020842600274
2026-01-29 23:01:37.228,2815.639074661241
2026-01-30 00:01:41.158,2818.817890220326
2026-01-30 01:02:06.753,2800.798505311367
2026-01-30 02:02:57.959,2741.032663533794
2026-01-30 03:02:11.655,2732.3326336698397
2026-01-30 04:01:36.426,2736.9057661775228
2026-01-30 05:01:36.633,2749.058590749346
2026-01-30 06:01:22.205,2743.629352453631
2026-01-30 07:01:44.969,2715.4182627018217
2026-01-30 08:02:42.873,2734.7575869037687
2026-01-30 09:01:39.029,2733.275878857231
2026-01-30 10:01:14.130,2717.825767107707
2026-01-30 11:01:23.327,2730.564123901967
2026-01-30 12:01:51.768,2756.774242405281
2026-01-30 13:00:58.657,2735.0365090464793
2026-01-30 14:02:02.606,2726.0595162670784
2026-01-30 15:02:19.427,2732.0428399700445
2026-01-30 16:01:20.126,2724.9336091217438
2026-01-30 17:01:03.408,2720.695743067765
2026-01-30 18:01:03.585,2710.1138144210013
2026-01-30 19:01:51.792,2736.420244683587
2026-01-30 20:01:55.895,2739.3765388164975
2026-01-30 21:01:53.205,2676.5452118498183
2026-01-30 22:01:41.965,2701.9746602556265
2026-01-30 23:00:37.090,2703.6376134495126
2026-01-31 00:01:42.938,2702.881132998811
2026-01-31 01:01:04.574,2702.571794432879
2026-01-31 02:00:38.560,2695.3462548958773
2026-01-31 03:00:06.208,2701.4971090132262
2026-01-31 04:01:32.186,2691.555427051909
2026-01-31 05:01:37.346,2691.1033871723002
2026-01-31 06:02:27.933,2693.9913775104856
2026-01-31 07:00:47.703,2688.5344825573784
2026-01-31 08:02:52.824,2676.3977387996383
2026-01-31 09:03:17.549,2642.6471034226684
2026-01-31 10:02:43.218,2645.6602145316942
2026-01-31 11:02:12.455,2644.6080534143116
2026-01-31 12:02:13.642,2635.923642051235
2026-01-31 13:02:10.326,2628.708358042274
2026-01-31 14:00:26.604,2623.9763305095016
2026-01-31 15:03:26.015,2529.336061059917
2026-01-31 16:01:51.909,2530.6084571579145
2026-01-31 17:01:57.289,2481.3083203684787
2026-01-31 18:02:40.455,2407.2211972802197
2026-01-31 19:02:28.688,2380.2252246052053
2026-01-31 20:01:27.497,2381.734837646449
2026-01-31 21:03:14.389,2385.096734623817
2026-01-31 22:02:26.499,2415.2622820866595
2026-01-31 23:02:08.084,2417.5518942824906
2026-02-01 00:02:19.629,2447.4172724879318
2026-02-01 01:02:25.275,2450.6200707061266
2026-02-01 02:01:36.881,2443.018117511766
2026-02-01 03:03:54.544,2451.7988304322457
2026-02-01 04:02:35.051,2442.432343842371
2026-02-01 05:01:50.176,2446.631910596578
2026-02-01 06:02:33.209,2429.491338962782
2026-02-01 07:02:35.087,2415.7470547281346
2026-02-01 08:02:19.026,2409.2765536334655
2026-02-01 09:01:37.653,2410.3983595148193
2026-02-01 10:00:57.930,2429.8461031462007
2026-02-01 11:00:54.879,2378.0036167878493
2026-02-01 12:00:57.271,2409.668608111813
2026-02-01 13:01:24.599,2394.2414547859385
2026-02-01 14:01:11.112,2378.792552618646
2026-02-01 15:02:23.602,2369.0920741653736
2026-02-01 16:01:25.980,2314.5041663240545
2026-02-01 17:01:57.106,2303.4623007771006
2026-02-01 18:00:22.826,2306.892032935197
2026-02-01 19:01:36.261,2347.511527676497
2026-02-01 20:01:30.756,2316.617526472652
2026-02-01 21:01:24.849,2314.0613349678333
2026-02-01 22:01:56.997,2288.185576565293
2026-02-01 23:02:40.927,2313.8455979452497
2026-02-02 00:00:17.518,2269.3288518651166
2026-02-02 01:02:31.416,2289.0029044108774
2026-02-02 02:00:51.335,2292.8036166779275
2026-02-02 03:02:16.445,2260.334983519477
2026-02-02 04:02:26.141,2233.9028236312142
2026-02-02 05:02:16.747,2238.393308995625
2026-02-02 06:03:23.185,2196.4194555007957
2026-02-02 07:02:36.687,2222.1600831437577
2026-02-02 08:03:46.940,2229.150523155317
2026-02-02 09:03:02.487,2248.462357639541
2026-02-02 10:01:52.699,2287.9270834333634
2026-02-02 11:02:57.886,2275.7124827257326
2026-02-02 12:03:03.484,2281.4213039251313
2026-02-02 13:02:54.254,2309.7093765845457
2026-02-02 14:01:32.598,2328.2590963432745
2026-02-02 15:02:42.452,2326.302873311302
2026-02-02 16:02:30.551,2369.777879742903
2026-02-02 17:04:04.546,2360.041824675292
2026-02-02 18:02:56.293,2354.485486942328
2026-02-02 19:03:22.046,2343.0371273991664
2026-02-02 20:02:26.596,2328.4967031782408
2026-02-02 21:02:47.892,2319.8282887026267
2026-02-02 22:03:27.608,2342.60952897183
2026-02-02 23:03:24.869,2348.3356087961793
2026-02-03 00:03:38.461,2343.6681689255097
2026-02-03 01:02:32.671,2351.4283442323185
2026-02-03 02:02:30.516,2352.0780347286714
2026-02-03 03:02:32.594,2296.718417664161
2026-02-03 04:02:09.004,2340.9819137335394
2026-02-03 05:03:15.746,2342.5644808878756
2026-02-03 06:04:28.954,2315.769253127116
2026-02-03 07:00:37.768,2318.8862037170643
2026-02-03 08:01:30.730,2320.7376057265633
2026-02-03 09:03:32.852,2314.583953935681
2026-02-03 10:01:26.350,2291.73042732022
2026-02-03 11:00:16.436,2280.237852422448
2026-02-03 12:00:46.140,2277.749000187356
2026-02-03 13:02:51.919,2298.152073619647
2026-02-03 14:00:22.424,2306.5000946629975
2026-02-03 15:02:09.444,2256.724805531225
2026-02-03 16:01:34.154,2301.2194243999274
2026-02-03 17:01:39.299,2240.7434654579524
2026-02-03 18:01:46.913,2196.9050950164656
2026-02-03 19:02:28.672,2120.7366246700785
2026-02-03 20:02:16.712,2204.485478526069
2026-02-03 21:02:27.855,2296.7745808452282
2026-02-03 22:01:19.882,2281.6276537835047
2026-02-03 23:03:34.951,2235.8245931657307
2026-02-04 00:01:24.193,2229.7003085530546
2026-02-04 01:02:13.375,2243.691582238994
2026-02-04 02:01:41.091,2265.1070805766853
2026-02-04 03:01:24.216,2248.9828574595936
2026-02-04 04:01:08.083,2280.278374668446
2026-02-04 05:01:07.173,2270.8533537589387
2026-02-04 06:01:05.518,2262.001369240498
2026-02-04 07:01:57.088,2274.3357878348183
2026-02-04 08:00:07.824,2279.047484092526
2026-02-04 09:01:27.263,2275.562832442507
2026-02-04 10:00:53.670,2257.8294588469616
2026-02-04 11:01:23.392,2257.232974797487
2026-02-04 12:01:57.714,2252.7077516186905
2026-02-04 13:02:17.239,2239.6473277158216
2026-02-04 14:01:22.811,2195.367735073545
2026-02-04 15:01:50.537,2166.0244812464675
2026-02-04 16:01:44.682,2150.3896895468997
2026-02-04 17:01:53.880,2126.4757033210526
2026-02-04 18:01:35.213,2120.8914175858545
2026-02-04 19:01:32.416,2147.5466301870356
2026-02-04 20:02:19.948,2176.2415814047945
2026-02-04 21:01:39.174,2167.919819459795
2026-02-04 22:01:47.256,2109.622242072324
2026-02-04 23:01:41.732,2116.1034550535137
2026-02-05 00:01:35.087,2143.3400085080666
2026-02-05 01:01:10.176,2145.3663717989803
2026-02-05 02:01:39.666,2144.064788963553
2026-02-05 03:02:52.283,2121.223523350836
2026-02-05 04:03:30.544,2107.3340450878027
2026-02-05 05:03:34.503,2101.038991891468
2026-02-05 06:02:47.490,2097.2240236259195
2026-02-05 07:00:59.461,2083.025752270116
2026-02-05 08:01:54.169,2085.715276515889
2026-02-05 09:02:20.933,2110.9228781793963
2026-02-05 10:02:00.791,2129.8189345293686
2026-02-05 11:02:12.006,2092.8472511013797
2026-02-05 12:03:33.922,2076.3327558507476
2026-02-05 13:03:04.414,2059.6856745231566
2026-02-05 14:00:54.867,2054.0482661704696
2026-02-05 15:02:53.110,2045.5278964322904
2026-02-05 16:02:52.391,1957.7994292609749
2026-02-05 17:01:26.440,1994.463045387256
2026-02-05 18:03:07.738,1952.3313009138308
2026-02-05 19:02:38.238,1945.5396394903103
2026-02-05 20:03:06.534,1924.465923219813
2026-02-05 21:03:52.434,1875.0043689596391
2026-02-05 22:03:13.557,1848.5958633332302
2026-02-05 23:00:12.186,1875.3426340658875
2026-02-06 00:03:05.875,1824.773906498064
2026-02-06 01:02:24.213,1870.3855528620331
2026-02-06 02:02:32.238,1928.1573985386444
2026-02-06 03:00:41.970,1902.5596913626794
2026-02-06 04:03:14.443,1888.9796356103732
2026-02-06 05:02:53.428,1906.7008783237143
2026-02-06 06:03:13.701,1957.2174767552206
2026-02-06 07:03:23.356,1903.2165665528805
2026-02-06 08:03:27.805,1896.8862099046357
2026-02-06 09:02:27.372,1872.3172784541543
2026-02-06 10:01:00.604,1917.3944159070152
2026-02-06 11:03:11.308,1923.4913201354343
2026-02-06 12:03:34.410,1927.8184949694894
2026-02-06 13:03:32.640,1919.7667255898707
2026-02-06 14:02:59.521,1947.8801921113677
2026-02-06 15:03:07.808,1975.7720284249888
2026-02-06 16:03:36.944,1978.4435340999412
2026-02-06 17:03:11.343,2034.3199052782174
2026-02-06 18:02:30.702,2067.001807868991
2026-02-06 19:02:12.661,2043.3559954109116
2026-02-06 20:02:39.544,2063.518497390789
2026-02-06 21:03:11.162,2053.821557103224
2026-02-06 22:03:33.057,2051.8731337468807
2026-02-06 23:02:21.606,2072.3060362974265
2026-02-07 00:03:03.924,2061.7485952387806
2026-02-07 01:03:02.151,2041.9743478882322
2026-02-07 02:02:25.118,2063.329143550518
2026-02-07 03:03:04.045,2058.077727083915
2026-02-07 04:00:56.250,2079.4444247045794
2026-02-07 05:03:37.248,2086.1153993965468
2026-02-07 06:04:04.000,2081.777392331936
2026-02-07 07:03:12.506,2050.0270608427563
2026-02-07 08:03:42.762,2025.5521933330022
2026-02-07 09:02:30.721,2021.4902542664784
2026-02-07 10:00:23.720,2011.3545274401415
2026-02-07 11:01:11.979,2009.9239330673195
2026-02-07 12:03:10.104,2016.5840704057493
2026-02-07 13:02:35.273,2040.7458271467165
2026-02-07 14:02:59.621,2037.2880611523033
2026-02-07 15:03:18.580,2017.4741652432456
2026-02-07 16:03:57.235,2050.791690758024
2026-02-07 17:03:39.774,2049.7537433137522
2026-02-07 18:04:11.824,2060.412924447605
2026-02-07 19:03:26.084,2095.087702966738
2026-02-07 20:03:29.307,2089.2859571253816
2026-02-07 21:03:09.917,2104.0021549895737
2026-02-07 22:02:13.895,2099.1670855088196
2026-02-07 23:03:18.851,2089.498384092561
2026-02-08 00:03:51.822,2089.385318724293
2026-02-08 01:04:22.230,2080.926446981957
2026-02-08 02:03:51.129,2094.5178558281395
2026-02-08 03:04:02.579,2086.2259034143717
2026-02-08 04:03:22.826,2077.8698166676986
2026-02-08 05:03:21.369,2082.236272565421
2026-02-08 06:00:55.529,2083.163843634432
2026-02-08 07:03:57.887,2078.1206157912675
2026-02-08 08:04:32.483,2082.3657317158454
2026-02-08 09:04:15.165,2114.2704121300208
2026-02-08 10:03:31.742,2100.5285229075203
2026-02-08 11:04:07.607,2094.0178368836205
2026-02-08 12:04:27.441,2130.581085830431
2026-02-08 13:04:49.449,2129.182079961831
2026-02-08 14:03:03.458,2123.8304959697625
2026-02-08 15:02:55.362,2123.4094827391273
2026-02-08 16:04:12.175,2106.596583905998
2026-02-08 17:03:55.286,2078.687501589718
2026-02-08 18:04:03.753,2090.719448080888
2026-02-08 19:04:03.711,2108.659670608786
2026-02-08 20:04:15.581,2125.2840997547255
2026-02-08 21:03:57.710,2103.2195533980544
2026-02-08 22:03:28.782,2095.044580358402
2026-02-08 23:03:08.751,2107.4315952961088
2026-02-09 00:03:58.173,2088.2260207520994
2026-02-09 01:03:52.917,2083.3083206707415
2026-02-09 02:01:06.318,2069.409784936037
2026-02-09 03:00:02.808,2083.1621668597254
2026-02-09 04:04:12.664,2097.2046892981234
2026-02-09 05:04:01.380,2089.3595778497256
2026-02-09 06:04:31.501,2092.2775204461163
2026-02-09 07:02:17.849,2079.930187729901
2026-02-09 08:04:45.787,2065.0377514641764
2026-02-09 09:04:49.886,2049.3104197104603
2026-02-09 10:04:25.065,2038.8770478645872
2026-02-09 11:03:23.819,2021.4484671236942
2026-02-09 12:03:43.341,2025.6628782700436
2026-02-09 13:02:58.175,2033.9455541387788
2026-02-09 14:04:25.039,2022.6866906736263
2026-02-09 15:03:58.131,2043.9441636572346
2026-02-09 16:04:25.289,2060.446803836367
2026-02-09 17:04:06.589,2090.172903513328
2026-02-09 18:01:43.130,2126.4932341649483
2026-02-09 19:03:32.268,2126.6870888952044
2026-02-09 20:03:43.928,2128.6293510380037
2026-02-09 21:04:18.622,2125.2131365629702
2026-02-09 22:03:20.612,2122.0209971090085
2026-02-09 23:03:44.194,2113.464137085613
2026-02-10 00:01:16.399,2103.639709069505
2026-02-10 01:03:53.039,2098.5993783385784
2026-02-10 02:03:24.830,2115.1086362521714
2026-02-10 03:03:21.161,2106.5694559317353
2026-02-10 04:04:25.914,2063.4894459807597
2026-02-10 05:03:00.240,2069.2961641472616
2026-02-10 06:02:57.343,2051.803899585302
2026-02-10 07:03:20.008,2006.6907924323239
2026-02-10 08:02:30.733,2007.0182472175297
2026-02-10 09:03:02.271,2012.7128556214502
2026-02-10 10:03:22.127,2014.9719526373485
2026-02-10 11:02:25.135,2012.2563726556084
2026-02-10 12:03:40.553,2004.016492183442
2026-02-10 13:03:01.722,2006.374498979289
2026-02-10 14:03:08.884,2020.7205696390326
2026-02-10 15:02:43.235,2010.2549110051455
2026-02-10 16:03:06.499,2021.530655129178
2026-02-10 17:03:06.081,2026.3892453495025
2026-02-10 18:02:35.270,2038.6072535643639
2026-02-10 19:02:31.236,2009.1986228678998
2026-02-10 20:03:18.837,2016.8316191928914
2026-02-10 21:00:22.716,2012.152384243653
2026-02-10 22:03:31.062,2008.8137118245115
2026-02-10 23:03:11.503,2014.6677218999112
2026-02-11 00:02:43.147,2019.65224654525
2026-02-11 01:02:58.783,2024.661122659727
2026-02-11 02:03:08.278,2023.1799468568433
2026-02-11 03:00:23.003,2016.9440859963183
2026-02-11 04:02:22.359,2008.392511899289
2026-02-11 05:03:51.160,1970.7092703100577
2026-02-11 06:03:13.603,1973.751650439002
2026-02-11 07:03:16.360,1947.975371308013
2026-02-11 08:03:14.838,1950.231871376689
2026-02-11 09:02:21.987,1949.362828819964
2026-02-11 10:03:42.185,1944.874077528654
2026-02-11 11:01:34.222,1936.9630372836734
2026-02-11 12:04:13.776,1952.4260599296833
2026-02-11 13:02:22.488,1950.8669938535559
2026-02-11 14:03:51.821,1959.5855355884746
2026-02-11 15:02:31.379,1940.616893867235
2026-02-11 16:03:40.999,1929.2522447026354
2026-02-11 17:02:57.135,1914.1490674687534
2026-02-11 18:00:54.905,1931.0524827132842
2026-02-11 19:02:50.109,1942.785321002298
2026-02-11 20:00:50.367,1951.410893019063
2026-02-11 21:00:41.653,1952.2400097414186
2026-02-11 22:03:11.268,1969.5135510680464
2026-02-11 23:03:03.039,1950.4782290920398
2026-02-12 00:02:49.686,1940.5781125992298
2026-02-12 01:03:41.566,1959.3026106161067
2026-02-12 02:01:58.713,1964.8969252256543
2026-02-12 03:02:06.170,1957.8325045085512
2026-02-12 04:03:41.516,1966.9057955447681
2026-02-12 05:02:19.242,1965.1467155613375
2026-02-12 06:03:12.768,1968.2084918064193
2026-02-12 07:02:33.453,1970.55273785167
2026-02-12 08:03:12.270,1968.3946955037566
2026-02-12 09:00:27.285,1963.4602747238164
2026-02-12 10:02:47.137,1980.7289856255647
2026-02-12 11:03:19.063,1992.50090816668
2026-02-12 12:03:17.303,1989.0147304942466
2026-02-12 13:03:24.174,1979.6398455846963
2026-02-12 14:02:58.779,1993.5774893539829
2026-02-12 15:02:41.111,1978.816258475786
2026-02-12 16:00:14.097,1948.2388957444778
2026-02-12 17:03:11.999,1907.1237793606736
2026-02-12 18:02:19.301,1909.114410362576
2026-02-12 19:03:21.142,1917.3038913310327
2026-02-12 20:01:14.387,1924.3299632989938
2026-02-12 21:01:36.466,1914.6498101838463
2026-02-12 22:03:04.449,1921.7171515141426
2026-02-12 23:01:39.513,1941.4743898224851
2026-02-13 00:02:26.949,1945.1664060325418
2026-02-13 01:03:05.298,1932.4057671558767
2026-02-13 02:03:12.906,1941.255256881003
2026-02-13 03:04:13.868,1947.6535195086722
2026-02-13 04:02:56.601,1950.9623456852485
2026-02-13 05:03:16.128,1943.737701130771
2026-02-13 06:03:34.261,1933.6047686794354
2026-02-13 07:00:48.956,1933.1574399660385
2026-02-13 08:03:30.118,1934.7948359681202
2026-02-13 09:04:02.487,1956.7635496630985
2026-02-13 10:02:36.359,1960.6018867280807
2026-02-13 11:02:35.254,1958.121328690087
2026-02-13 12:00:37.465,1958.816246996486
2026-02-13 13:02:40.701,1959.8571311255914
2026-02-13 14:02:21.714,1969.4632078213647
2026-02-13 15:02:10.823,1987.9534956837406
2026-02-13 16:02:05.881,2033.243788075006
2026-02-13 17:00:01.005,2067.442271983571
2026-02-13 18:00:13.757,2059.1921332707257
2026-02-13 19:00:03.218,2059.792323691696
2026-02-13 20:02:39.981,2057.5760820341234
2026-02-13 21:02:52.285,2044.869223652202
2026-02-13 22:03:40.496,2052.4719110100755
2026-02-13 23:01:35.292,2051.7763397653516
2026-02-14 00:01:43.299,2048.1151118994317
2026-02-14 01:02:35.045,2053.588472479615
2026-02-14 02:00:42.552,2053.4667489193457
2026-02-14 03:01:17.454,2048.6834326292333
2026-02-14 04:02:49.413,2053.41122655476
2026-02-14 05:02:18.132,2052.6141726769733
2026-02-14 06:02:45.119,2050.06927073198
2026-02-14 07:02:30.982,2052.5378781354375
2026-02-14 08:03:23.952,2056.234436965675
2026-02-14 09:03:24.419,2081.2982997616573
2026-02-14 10:02:19.191,2077.6480661017667
2026-02-14 11:03:23.351,2076.1209722743774
2026-02-14 12:00:49.901,2098.0705197513307
2026-02-14 13:03:47.573,2070.6913409074987
2026-02-14 14:03:05.621,2070.4537401631915
2026-02-14 15:03:09.340,2084.5706304716937
2026-02-14 16:03:17.714,2086.8555506915523
2026-02-14 17:02:46.448,2081.2874903307775
2026-02-14 18:03:13.951,2078.4822270962695
2026-02-14 19:02:41.447,2083.9004640182284
2026-02-14 20:00:36.530,2087.3189297225013
2026-02-14 21:02:15.014,2088.368719034728
2026-02-14 22:03:20.468,2084.8366731234723
2026-02-14 23:02:29.015,2089.6433565859675
2026-02-15 00:03:17.763,2085.189981560399
2026-02-15 01:02:44.543,2078.615622470811
2026-02-15 02:02:57.391,2063.4153040681304
2026-02-15 03:02:43.305,2059.067989785143
2026-02-15 04:00:44.626,2058.9995446102116
2026-02-15 05:03:01.687,2075.326774614961
2026-02-15 06:02:44.334,2087.8332411277024
2026-02-15 07:03:49.262,2085.266571557726
2026-02-15 08:00:40.032,2090.1571583729083
2026-02-15 09:03:16.602,2068.3235103530083
2026-02-15 10:02:32.096,2067.327888223366
2026-02-15 11:02:29.547,2060.5945531967436
2026-02-15 12:02:28.265,2060.802555782671
2026-02-15 13:03:53.887,2015.4562881129427
2026-02-15 14:01:03.227,2001.0349018591867
2026-02-15 15:03:41.062,2008.8985315452267
2026-02-15 16:00:39.886,2010.056607302998
2026-02-15 17:02:37.933,2005.7121201545701
2026-02-15 18:01:24.102,1969.938454493388
2026-02-15 19:00:49.934,1957.43666641872
2026-02-15 20:02:44.620,1942.222317403274
2026-02-15 21:03:19.026,1949.16137948393
2026-02-15 22:02:37.152,1957.8458554808944
2026-02-15 23:03:39.447,1968.2342580928992
2026-02-16 00:01:45.491,1965.1597038302314
2026-02-16 01:02:26.877,1967.7740319174516
2026-02-16 02:01:52.363,1962.5415346506481
2026-02-16 03:01:38.067,1955.9128106532987
2026-02-16 04:00:16.421,1957.6361564915198
2026-02-16 05:02:29.466,1971.5323559158671
2026-02-16 06:02:52.388,1956.5480301814928
2026-02-16 07:03:08.948,1965.5628662004508
2026-02-16 08:02:53.919,1970.14273289616
2026-02-16 09:03:04.349,1976.0191315721866
2026-02-16 10:02:27.953,1985.9403371355943
2026-02-16 11:02:48.518,1977.9969822820813
2026-02-16 12:02:22.215,1975.715468347886
2026-02-16 13:02:29.567,2004.9423207817906
2026-02-16 14:02:45.450,1967.6635800735728
2026-02-16 15:03:43.058,1972.646148919403
2026-02-16 16:02:53.278,1955.7902200449637
2026-02-16 17:02:54.853,1971.803702153238
2026-02-16 18:02:29.622,1978.1444308699288
2026-02-16 19:03:56.479,1968.4247197936131
2026-02-16 20:03:26.821,1973.2545199920798
2026-02-16 21:03:27.312,1991.521898373786
2026-02-16 22:04:25.079,1997.637849471219
2026-02-16 23:02:50.528,1990.1415051857539
2026-02-17 00:03:21.358,1997.6176245178935
2026-02-17 01:02:17.662,1997.743430678263
2026-02-17 02:02:36.319,1991.1795134463807
2026-02-17 03:03:35.116,1998.03134716245
2026-02-17 04:00:00.983,1988.5605161526614
2026-02-17 05:02:10.556,1988.198582323102
2026-02-17 06:03:24.286,1974.5225683219364
2026-02-17 07:00:01.091,1981.5385032446823
2026-02-17 08:02:51.790,1984.9934598886998
2026-02-17 09:02:02.314,1975.8413176132808
2026-02-17 10:01:57.170,1974.6293933827178
2026-02-17 11:02:17.998,1966.2850210591719
2026-02-17 12:00:36.866,1967.222227403676
2026-02-17 13:01:45.844,1968.653914637936
2026-02-17 14:02:14.807,1989.5390164057962
2026-02-17 15:02:31.385,1948.2468264255663
2026-02-17 16:01:17.394,1965.8775191074692
2026-02-17 17:00:44.208,1980.931127895006
2026-02-17 18:02:46.903,1964.3265868897981
2026-02-17 19:03:19.434,1998.9440489431877
2026-02-17 20:01:06.795,1998.3215175183127
2026-02-17 21:02:11.108,1994.2791983086454
2026-02-17 21:36:33.000,1994.3190495739468
